{"sections":{"blog-post-banner":{"type":"blog-post-banner","disabled":true,"settings":{"show_category":true,"blog_header_background":"#f5f5f5","blog_header_text_color":"#282828"}},"9fab1b8e-0107-45c8-aabd-c3d5ba9a0496":{"type":"logo-list","blocks":{"template--16792990286140__9fab1b8e-0107-45c8-aabd-c3d5ba9a0496-1667832515ffda89c8-0":{"type":"logo","settings":{"logo":"shopify:\/\/shop_images\/Group_3198.png","link":"shopify:\/\/pages\/gillz"}},"template--16792990286140__9fab1b8e-0107-45c8-aabd-c3d5ba9a0496-1667832515ffda89c8-1":{"type":"logo","settings":{"logo":"shopify:\/\/shop_images\/Group_3199.png","link":"shopify:\/\/pages\/reel-life"}},"template--16792990286140__9fab1b8e-0107-45c8-aabd-c3d5ba9a0496-1667832515ffda89c8-2":{"type":"logo","settings":{"logo":"shopify:\/\/shop_images\/Path_150943.png","link":"shopify:\/\/pages\/fintech"}},"template--16792990286140__9fab1b8e-0107-45c8-aabd-c3d5ba9a0496-1667832515ffda89c8-3":{"type":"logo","settings":{"logo":"shopify:\/\/shop_images\/Path_150944.png","link":"shopify:\/\/pages\/mad-pelican"}}},"block_order":["template--16792990286140__9fab1b8e-0107-45c8-aabd-c3d5ba9a0496-1667832515ffda89c8-0","template--16792990286140__9fab1b8e-0107-45c8-aabd-c3d5ba9a0496-1667832515ffda89c8-1","template--16792990286140__9fab1b8e-0107-45c8-aabd-c3d5ba9a0496-1667832515ffda89c8-2","template--16792990286140__9fab1b8e-0107-45c8-aabd-c3d5ba9a0496-1667832515ffda89c8-3"],"settings":{"reveal_on_scroll":true,"subheading":"Shop by brands:","title":"","button_text":"","button_link":"","stack_logos":true,"background":"#f4f4f4","text_color":"rgba(0,0,0,0)","button_background":"rgba(0,0,0,0)","button_text_color":"rgba(0,0,0,0)","logo_background":"rgba(0,0,0,0)"}},"1ff41748-448b-4b2d-89e8-daa866226482":{"type":"custom-html","settings":{"subheading":"","title":"","html":"<div class=\"inline-links\">\n  <a href=\"https:\/\/outoor-nation-20222.myshopify.com\/collections\/all\">SHOP ALL<\/a>\n  <a href=\"https:\/\/outoor-nation-20222.myshopify.com\/collections\/mens\">MEN'S APPAREL<\/a>\n  <a href=\"https:\/\/outoor-nation-20222.myshopify.com\/collections\/performance\">PERFORMANCE SHIRTS<\/a>\n  <a href=\"https:\/\/outoor-nation-20222.myshopify.com\/collections\/womens\">WOMEN'S APPAREL<\/a>\n  <a href=\"https:\/\/outoor-nation-20222.myshopify.com\/collections\/jackets\">JACKETS<\/a>\n  <a href=\"https:\/\/outoor-nation-20222.myshopify.com\/collections\/accessories\">ACCESSORIES<\/a>\n<\/div>","add_vertical_spacing":true,"background_type":"full_width","background":"rgba(0,0,0,0)","text_color":"rgba(0,0,0,0)"}},"05695377-8aba-49d7-8933-bdd34eb17d0e":{"type":"featured-collections","blocks":{"template--16792990286140__05695377-8aba-49d7-8933-bdd34eb17d0e-1667238673537fb60c-0":{"type":"collection","settings":{"collection":"gillz","label":"","button_text":"","button_url":""}}},"block_order":["template--16792990286140__05695377-8aba-49d7-8933-bdd34eb17d0e-1667238673537fb60c-0"],"settings":{"subheading":"","title":"","content":"","products_count":18,"products_per_row":4,"stack_products":true,"show_cta":false,"background":"rgba(0,0,0,0)","text_color":"rgba(0,0,0,0)","button_background":"rgba(0,0,0,0)","button_text_color":"rgba(0,0,0,0)"}},"main":{"type":"main-article","disabled":true,"settings":{"show_on_scroll_navigation":true,"show_author":true,"show_date":true,"show_share_buttons":true}},"blog-post-prev-next":{"type":"blog-post-prev-next","disabled":true,"settings":{}},"blog-post-comments":{"type":"blog-post-comments","disabled":true,"settings":{"show_gravatar":true}}},"order":["blog-post-banner","9fab1b8e-0107-45c8-aabd-c3d5ba9a0496","1ff41748-448b-4b2d-89e8-daa866226482","05695377-8aba-49d7-8933-bdd34eb17d0e","main","blog-post-prev-next","blog-post-comments"]}