{"sections":{"blog-post-banner":{"type":"blog-post-banner","settings":{"show_category":true,"blog_header_background":"#f5f5f5","blog_header_text_color":"#282828"}},"05695377-8aba-49d7-8933-bdd34eb17d0e":{"type":"featured-collections","blocks":{"template--16792990286140__05695377-8aba-49d7-8933-bdd34eb17d0e-1667238673537fb60c-0":{"type":"collection","settings":{"collection":"reel-life","label":"","button_text":"","button_url":""}}},"block_order":["template--16792990286140__05695377-8aba-49d7-8933-bdd34eb17d0e-1667238673537fb60c-0"],"settings":{"subheading":"","title":"","content":"","products_count":18,"products_per_row":4,"stack_products":true,"show_cta":false,"background":"rgba(0,0,0,0)","text_color":"rgba(0,0,0,0)","button_background":"rgba(0,0,0,0)","button_text_color":"rgba(0,0,0,0)"}},"main":{"type":"main-article","disabled":true,"settings":{"show_on_scroll_navigation":true,"show_author":true,"show_date":true,"show_share_buttons":true}},"blog-post-prev-next":{"type":"blog-post-prev-next","disabled":true,"settings":{}},"blog-post-comments":{"type":"blog-post-comments","disabled":true,"settings":{"show_gravatar":true}}},"order":["blog-post-banner","05695377-8aba-49d7-8933-bdd34eb17d0e","main","blog-post-prev-next","blog-post-comments"]}