{"sections":{"main":{"type":"main-cart","blocks":{"totals":{"type":"totals","settings":{}},"order_note":{"type":"order_note","settings":{"open_by_default":false}}},"block_order":["totals","order_note"],"settings":{"show_payment_methods":true,"show_shipping_estimator":true,"shipping_estimator_default_country":"United States","empty_button_link":"\/"}},"cart-recommendations":{"type":"cart-recommendations","settings":{"title":"You may also like"}},"16861653423174c361":{"type":"apps","blocks":{"8008f204-ad47-484c-98f1-04a27a58ce57":{"type":"shopify:\/\/apps\/rebuy-personalization-engine\/blocks\/rebuy-widget\/a26ae9b9-933b-40bf-bbc6-bf1220bbc4dc","settings":{"enabled":true,"id":"86026","product_id_enabled":true,"collection_id_enabled":true}}},"block_order":["8008f204-ad47-484c-98f1-04a27a58ce57"],"settings":{"include_horizontal_margins":true,"include_vertical_margins":true}}},"order":["main","cart-recommendations","16861653423174c361"]}