{"sections":{"collection-banner":{"type":"collection-banner","settings":{"show_collection_image":false,"show_collection_title":false,"show_collection_description":false,"section_height":"small","text_width":"medium","image_text_color":"#ffffff","image_overlay_color":"#000000","image_overlay_opacity":0,"quick_links":""}},"51a3645f-bd4e-4d13-bfba-7996f0958bad":{"type":"logo-list","blocks":{"template--16792990384444__51a3645f-bd4e-4d13-bfba-7996f0958bad-16673318984df7b2d5-0":{"type":"logo","settings":{"logo":"shopify:\/\/shop_images\/Group_5005.png","link":"shopify:\/\/collections\/gillz"}},"template--16792990384444__51a3645f-bd4e-4d13-bfba-7996f0958bad-16673318984df7b2d5-1":{"type":"logo","settings":{"logo":"shopify:\/\/shop_images\/New_ReelLife_Logo_L.png","link":"shopify:\/\/collections\/reel-life"}},"template--16792990384444__51a3645f-bd4e-4d13-bfba-7996f0958bad-16673318984df7b2d5-2":{"type":"logo","settings":{"logo":"shopify:\/\/shop_images\/Group_5034.png","link":"shopify:\/\/collections\/fintech-shop-all"}},"template--16792990384444__51a3645f-bd4e-4d13-bfba-7996f0958bad-16673318984df7b2d5-3":{"type":"logo","settings":{"logo":"shopify:\/\/shop_images\/Group_5035.png","link":"shopify:\/\/collections\/mad-pelican"}}},"block_order":["template--16792990384444__51a3645f-bd4e-4d13-bfba-7996f0958bad-16673318984df7b2d5-0","template--16792990384444__51a3645f-bd4e-4d13-bfba-7996f0958bad-16673318984df7b2d5-1","template--16792990384444__51a3645f-bd4e-4d13-bfba-7996f0958bad-16673318984df7b2d5-2","template--16792990384444__51a3645f-bd4e-4d13-bfba-7996f0958bad-16673318984df7b2d5-3"],"disabled":true,"settings":{"reveal_on_scroll":true,"subheading":"SHOP BY BRAND","title":"","button_text":"","button_link":"","stack_logos":true,"background":"#f4f4f4","text_color":"#282828","button_background":"rgba(0,0,0,0)","button_text_color":"rgba(0,0,0,0)","logo_background":"rgba(0,0,0,0)"}},"main":{"type":"main-collection","blocks":{"6e84af34-2493-45e6-ae14-a4af950e683e":{"type":"image","settings":{"image":"shopify:\/\/shop_images\/Group_15188.jpg","subheading":"","title":"MEN'S","link_text":"﻿SHOP NOW","link_url":"{{ collection.metafields.custom._gender_link.value }}","link_style":"link","text_position":"middle_center","background":"#f7f8fd","text_color":"#ffffff","button_background":"#ffffff","button_text_color":"#ffffff"}},"512be6ca-7953-4b65-b27a-152df3cecfb4":{"type":"image","settings":{"image":"shopify:\/\/shop_images\/Group_15189.jpg","subheading":"","title":"WOMEN'S","link_text":"S﻿HOP NOW","link_url":"{{ collection.metafields.custom.cta_box_2.value }}","link_style":"link","text_position":"middle_center","background":"#f7f8fd","text_color":"#ffffff","button_background":"#ffffff","button_text_color":"#ffffff"}}},"block_order":["6e84af34-2493-45e6-ae14-a4af950e683e","512be6ca-7953-4b65-b27a-152df3cecfb4"],"settings":{"show_sort_by":true,"products_per_page":24,"mobile_products_per_row":"2","desktop_products_per_row":4,"show_filters":true,"show_filter_group_name":false,"show_color_swatch":true,"open_first_filter_group":true,"open_second_filter_group":false,"filter_position":"always_visible","promotion_position":"top","promotion_height":"small"}},"a0082641-15c3-498e-9049-dc6e8da07dc0":{"type":"promotion-blocks","blocks":{"template--16874419618108__a0082641-15c3-498e-9049-dc6e8da07dc0-16729391094e7628ab-0":{"type":"image","settings":{"image":"shopify:\/\/shop_images\/GILLZ_d1a790fa-68c4-4708-b5cc-87b0735b4642.jpg","highlight":false,"subheading":"","title":"","link_text":"","link_url":"shopify:\/\/pages\/gillz","link_style":"link","text_position":"middle_center","background":"#f7f8fd","text_color":"#1e316a","button_background":"#ffffff","button_text_color":"#1e316a"}},"template--16874419618108__a0082641-15c3-498e-9049-dc6e8da07dc0-16729391094e7628ab-2":{"type":"image","settings":{"image":"shopify:\/\/shop_images\/ReelLife.jpg","highlight":false,"subheading":"","title":"","link_text":"","link_url":"shopify:\/\/pages\/reel-life","link_style":"link","text_position":"middle_center","background":"#f7f8fd","text_color":"#1e316a","button_background":"#ffffff","button_text_color":"#1e316a"}},"b89d41fb-7dcf-4a30-b9bd-a1b44fef42c2":{"type":"image","settings":{"image":"shopify:\/\/shop_images\/Fintech.jpg","highlight":false,"subheading":"","title":"","link_text":"","link_url":"shopify:\/\/pages\/fintech","link_style":"link","text_position":"middle_center","background":"#f7f8fd","text_color":"#1e316a","button_background":"#ffffff","button_text_color":"#1e316a"}},"e41a0ef8-81b6-4663-8f11-44fa145a08e5":{"type":"image","settings":{"image":"shopify:\/\/shop_images\/MadPelican.jpg","highlight":false,"subheading":"","title":"","link_text":"","link_url":"","link_style":"link","text_position":"middle_center","background":"#f7f8fd","text_color":"#1e316a","button_background":"#ffffff","button_text_color":"#1e316a"}}},"block_order":["template--16874419618108__a0082641-15c3-498e-9049-dc6e8da07dc0-16729391094e7628ab-0","template--16874419618108__a0082641-15c3-498e-9049-dc6e8da07dc0-16729391094e7628ab-2","b89d41fb-7dcf-4a30-b9bd-a1b44fef42c2","e41a0ef8-81b6-4663-8f11-44fa145a08e5"],"settings":{"subheading":"learn more about","title":"our brands","section_size":"large","stack_on_mobile":true,"background":"rgba(0,0,0,0)","text_color":"rgba(0,0,0,0)"}},"d3adb353-0ea2-4fdf-9b09-98ca9882ff9b":{"type":"text-with-icons","blocks":{"template--16874419618108__d3adb353-0ea2-4fdf-9b09-98ca9882ff9b-1668550179359a592f-0":{"type":"item","settings":{"icon":"picto-box","custom_icon_width":50,"title":"Free shipping","content":"<p>Free U.S. shipping on every order over $75<\/p>"}},"template--16874419618108__d3adb353-0ea2-4fdf-9b09-98ca9882ff9b-1668550179359a592f-1":{"type":"item","settings":{"icon":"picto-phone","custom_icon_width":50,"title":"Customer service","content":"<p>We are available from Monday to Friday to answer your questions at (904) 479-2906<\/p>"}},"template--16874419618108__d3adb353-0ea2-4fdf-9b09-98ca9882ff9b-1668550179359a592f-2":{"type":"item","settings":{"icon":"picto-lock","custom_icon_width":50,"title":"Secure payment","content":"<p>Your payment information is processed securely.<\/p>"}},"template--16874419618108__d3adb353-0ea2-4fdf-9b09-98ca9882ff9b-1668550179359a592f-3":{"type":"item","settings":{"icon":"picto-email","custom_icon_width":50,"title":"Contact us","content":"<p>Need to contact us ? Just send us an e-mail at info@outdoornation.com<\/p>"}}},"block_order":["template--16874419618108__d3adb353-0ea2-4fdf-9b09-98ca9882ff9b-1668550179359a592f-0","template--16874419618108__d3adb353-0ea2-4fdf-9b09-98ca9882ff9b-1668550179359a592f-1","template--16874419618108__d3adb353-0ea2-4fdf-9b09-98ca9882ff9b-1668550179359a592f-2","template--16874419618108__d3adb353-0ea2-4fdf-9b09-98ca9882ff9b-1668550179359a592f-3"],"settings":{"background":"#1a1818","text_color":"#ffffff"}},"ed62969c-e92e-4063-8c03-04c7d57deede":{"type":"newsletter","settings":{"reveal_on_scroll":true,"image":"shopify:\/\/shop_images\/SUBSCRIBE_banner_1_2.jpg","subheading":"JOIN THE NATION","content":"<p>Promotions, new products and sales.<\/p>","text_position":"left","text_alignment":"left","text_background":"rgba(0,0,0,0)","text_color":"rgba(0,0,0,0)","button_background":"#f06a22","button_text_color":"rgba(0,0,0,0)"}}},"order":["collection-banner","51a3645f-bd4e-4d13-bfba-7996f0958bad","main","a0082641-15c3-498e-9049-dc6e8da07dc0","d3adb353-0ea2-4fdf-9b09-98ca9882ff9b","ed62969c-e92e-4063-8c03-04c7d57deede"]}