{"sections":{"collection-banner":{"type":"collection-banner","disabled":true,"settings":{"show_collection_image":false,"show_collection_title":false,"show_collection_description":false,"section_height":"large","text_width":"medium","image_text_color":"#ffffff","image_overlay_color":"#000000","image_overlay_opacity":30,"quick_links":""}},"51a3645f-bd4e-4d13-bfba-7996f0958bad":{"type":"logo-list","blocks":{"template--16792990384444__51a3645f-bd4e-4d13-bfba-7996f0958bad-16673318984df7b2d5-0":{"type":"logo","settings":{"logo":"shopify:\/\/shop_images\/GILLZ_L.png","link":"https:\/\/outdoornation.com\/collections\/order-form?sort_by=title-ascending&filter.p.vendor=Gillz&filter.v.price.gte=&filter.v.price.lte="}},"template--16792990384444__51a3645f-bd4e-4d13-bfba-7996f0958bad-16673318984df7b2d5-1":{"type":"logo","settings":{"logo":"shopify:\/\/shop_images\/RL_L.png","link":"https:\/\/outdoornation.com\/collections\/order-form?sort_by=title-ascending&filter.p.vendor=Reel+Life&filter.v.price.gte=&filter.v.price.lte="}},"template--16792990384444__51a3645f-bd4e-4d13-bfba-7996f0958bad-16673318984df7b2d5-2":{"type":"logo","settings":{"logo":"shopify:\/\/shop_images\/Fintech_L.png","link":"https:\/\/outdoornation.com\/collections\/order-form?sort_by=title-ascending&filter.p.vendor=Fintech&filter.v.price.gte=&filter.v.price.lte="}},"template--16792990384444__51a3645f-bd4e-4d13-bfba-7996f0958bad-16673318984df7b2d5-3":{"type":"logo","settings":{"logo":"shopify:\/\/shop_images\/MP_L.png","link":""}}},"block_order":["template--16792990384444__51a3645f-bd4e-4d13-bfba-7996f0958bad-16673318984df7b2d5-0","template--16792990384444__51a3645f-bd4e-4d13-bfba-7996f0958bad-16673318984df7b2d5-1","template--16792990384444__51a3645f-bd4e-4d13-bfba-7996f0958bad-16673318984df7b2d5-2","template--16792990384444__51a3645f-bd4e-4d13-bfba-7996f0958bad-16673318984df7b2d5-3"],"settings":{"reveal_on_scroll":false,"subheading":"","title":"","button_text":"","button_link":"shopify:\/\/collections\/gillz","stack_logos":true,"background":"#f4f4f4","text_color":"#282828","button_background":"rgba(0,0,0,0)","button_text_color":"rgba(0,0,0,0)","logo_background":"rgba(0,0,0,0)"}},"main":{"type":"main-collection","blocks":{"6e84af34-2493-45e6-ae14-a4af950e683e":{"type":"image","settings":{"image":"shopify:\/\/shop_images\/Group_4998_97ac2c9d-011a-4624-809e-715be684f2fb.jpg","subheading":"","title":"﻿MEN'S","link_text":"﻿SHOP NOW","link_url":"{{ collection.metafields.custom._gender_link.value }}","link_style":"link","text_position":"middle_center","background":"#f7f8fd","text_color":"#ffffff","button_background":"#f06a22","button_text_color":"#ffffff"}},"512be6ca-7953-4b65-b27a-152df3cecfb4":{"type":"image","settings":{"image":"shopify:\/\/shop_images\/Women_s_banner.jpg","subheading":"","title":"﻿WOMEN'S","link_text":"﻿SHOP NOW","link_url":"{{ collection.metafields.custom.cta_box_2.value }}","link_style":"link","text_position":"middle_center","background":"#f7f8fd","text_color":"#ffffff","button_background":"#f06a22","button_text_color":"#ffffff"}}},"block_order":["6e84af34-2493-45e6-ae14-a4af950e683e","512be6ca-7953-4b65-b27a-152df3cecfb4"],"settings":{"show_sort_by":true,"products_per_page":26,"mobile_products_per_row":"2","desktop_products_per_row":4,"show_filters":true,"show_filter_group_name":false,"show_color_swatch":true,"open_first_filter_group":false,"open_second_filter_group":false,"filter_position":"always_visible","promotion_position":"top","promotion_height":"small"}},"df490c26-7fa0-4f01-991a-3ec02f07e753":{"type":"text-with-icons","disabled":true,"blocks":{"template--16792990384444__df490c26-7fa0-4f01-991a-3ec02f07e753-1668193464e4a6cfdd-0":{"type":"item","settings":{"icon":"picto-box","custom_icon_width":50,"title":"Free shipping","content":"<p>Free worldwide shipping and returns - customs and duties taxes included<\/p>"}},"template--16792990384444__df490c26-7fa0-4f01-991a-3ec02f07e753-1668193464e4a6cfdd-1":{"type":"item","settings":{"icon":"picto-phone","custom_icon_width":50,"title":"Customer service","content":"<p>We are available from monday to friday to answer your questions.<\/p>"}},"template--16792990384444__df490c26-7fa0-4f01-991a-3ec02f07e753-1668193464e4a6cfdd-2":{"type":"item","settings":{"icon":"picto-lock","custom_icon_width":50,"title":"Secure payment","content":"<p>Your payment information is processed securely.<\/p>"}},"template--16792990384444__df490c26-7fa0-4f01-991a-3ec02f07e753-1668193464e4a6cfdd-3":{"type":"item","settings":{"icon":"picto-email","custom_icon_width":50,"title":"Contact us","content":"<p>Need to contact us ? Just send us an e-mail at info@yourstore.com<\/p>"}}},"block_order":["template--16792990384444__df490c26-7fa0-4f01-991a-3ec02f07e753-1668193464e4a6cfdd-0","template--16792990384444__df490c26-7fa0-4f01-991a-3ec02f07e753-1668193464e4a6cfdd-1","template--16792990384444__df490c26-7fa0-4f01-991a-3ec02f07e753-1668193464e4a6cfdd-2","template--16792990384444__df490c26-7fa0-4f01-991a-3ec02f07e753-1668193464e4a6cfdd-3"],"settings":{"background":"#1a1818","text_color":"#ffffff"}},"ed62969c-e92e-4063-8c03-04c7d57deede":{"type":"newsletter","settings":{"reveal_on_scroll":true,"image":"shopify:\/\/shop_images\/SUBSCRIBE_banner_1_2.jpg","subheading":"Subscribe to our newsletter","content":"<p>Promotions, new products and sales.<\/p>","text_position":"left","text_alignment":"left","text_background":"rgba(0,0,0,0)","text_color":"rgba(0,0,0,0)","button_background":"#f06a22","button_text_color":"rgba(0,0,0,0)"}}},"order":["collection-banner","51a3645f-bd4e-4d13-bfba-7996f0958bad","main","df490c26-7fa0-4f01-991a-3ec02f07e753","ed62969c-e92e-4063-8c03-04c7d57deede"]}