{"sections":{"slideshow":{"type":"slideshow","blocks":{"slide-2":{"type":"image","disabled":true,"settings":{"image":"shopify:\/\/shop_images\/Hero_banner_1_2x_fc62be9f-a3a0-436b-aeed-6963edfc952f.jpg","mobile_image":"shopify:\/\/shop_images\/Site_Hero_banner_Mobile_Frame_1_2_6595acb4-33b1-4141-81ac-42e3fcfe3be9.jpg","text_position":"middle_left","subheading":"","title":"shop our end of summer sale and get 30% OFF SITEWIDE","content":"","button_1_text":"SHOP NOW","button_1_link":"shopify:\/\/collections\/all","button_2_text":"","button_2_link":"shopify:\/\/collections\/all","text_color":"#ffffff","button_background":"#f06a22","button_text_color":"#ffffff","overlay_color":"#f06a22","overlay_opacity":0,"section_css_class":"transparent-text"}},"74ab9d47-c9b9-49cb-9bec-9fb1ec0fc871":{"type":"image","disabled":true,"settings":{"image":"shopify:\/\/shop_images\/Group_4823_a1ae70d1-3133-41ae-9aa8-deec23a8d869.jpg","mobile_image":"shopify:\/\/shop_images\/Group_5046.jpg","text_position":"middle_right","subheading":"","title":"","content":"<p>REAL PEOPLE,<\/p><p>REAL ADVENTURES,<\/p><p>ONE NATION.<\/p>","button_1_text":"","button_1_link":"","button_2_text":"","button_2_link":"","text_color":"#ffffff","button_background":"rgba(0,0,0,0)","button_text_color":"rgba(0,0,0,0)","overlay_color":"rgba(0,0,0,0)","overlay_opacity":10,"section_css_class":"slide-1"}},"048af561-4fb6-495c-8485-4630fb3f9d0a":{"type":"image","disabled":true,"settings":{"image":"shopify:\/\/shop_images\/Hero_banner_1_2x_fc62be9f-a3a0-436b-aeed-6963edfc952f.jpg","mobile_image":"shopify:\/\/shop_images\/Site_Hero_banner_Mobile_Frame_1_2_6595acb4-33b1-4141-81ac-42e3fcfe3be9.jpg","text_position":"middle_left","subheading":"","title":"Shop our end of  the Season sale sitewide 30% Off","content":"","button_1_text":"SHOP NOW","button_1_link":"","button_2_text":"","button_2_link":"shopify:\/\/collections\/all","text_color":"#ffffff","button_background":"#f06a22","button_text_color":"#ffffff","overlay_color":"#000000","overlay_opacity":0,"section_css_class":"Type your own CSS class"}},"d3e78bfc-ea87-4aa8-aca6-3cde0ad22ef1":{"type":"image","disabled":true,"settings":{"image":"shopify:\/\/shop_images\/Site_Hero_banner_Tees_2x_8f28ca6f-0e97-44a3-862c-30145c6abcc4.jpg","mobile_image":"shopify:\/\/shop_images\/Site_Hero_banner_Mobile_Tees_2x_3e54bd7c-d664-4243-8e80-953a081993ed.jpg","text_position":"middle_center","subheading":"","title":"NEW GRAPHIC TEES IN FOUR AMAZING & FRESH COLORS","content":"","button_1_text":"SHOP  NOW","button_1_link":"shopify:\/\/collections\/rl-featured-new-arrivals","button_2_text":"","button_2_link":"","text_color":"#ffffff","button_background":"#f06a22","button_text_color":"#ffffff","overlay_color":"rgba(0,0,0,0)","overlay_opacity":15,"section_css_class":"gillz-hero"}},"86e3cb87-a111-4128-a63d-7fbc9d748cdf":{"type":"image","settings":{"image":"shopify:\/\/shop_images\/Hero_Banner_2.jpg","mobile_image":"shopify:\/\/shop_images\/Hero_Banner_Mobile_2.jpg","text_position":"middle_center","subheading":"","title":"Gear up for your next fall","content":"","button_1_text":"","button_1_link":"shopify:\/\/collections\/new-arrivals","button_2_text":"","button_2_link":"","text_color":"#ffffff","button_background":"#f06a22","button_text_color":"#ffffff","overlay_color":"#000000","overlay_opacity":0,"section_css_class":"Type your own CSS class"}}},"block_order":["slide-2","74ab9d47-c9b9-49cb-9bec-9fb1ec0fc871","048af561-4fb6-495c-8485-4630fb3f9d0a","d3e78bfc-ea87-4aa8-aca6-3cde0ad22ef1","86e3cb87-a111-4128-a63d-7fbc9d748cdf"],"settings":{"section_height":"small","transition_type":"sweep","autoplay":true,"cycle_speed":5,"background":"rgba(0,0,0,0)"}},"ad0ec4b5-a425-4c9b-8ab2-4057dd2a8964":{"type":"promotion-blocks","blocks":{"template--16734565564732__ad0ec4b5-a425-4c9b-8ab2-4057dd2a8964-1666893898c94932ca-0":{"type":"image","settings":{"image":"shopify:\/\/shop_images\/Group_4963_2x_d2959e34-2f42-48c8-8cb5-9db261affdd6.jpg","highlight":false,"subheading":"","title":"","link_text":"SHOP NOW","link_url":"shopify:\/\/collections\/gillz","link_style":"link","text_position":"middle_center","background":"#f7f8fd","text_color":"#ffffff","button_background":"#ffffff","button_text_color":"#1e316a"}},"template--16734565564732__ad0ec4b5-a425-4c9b-8ab2-4057dd2a8964-1666893898c94932ca-2":{"type":"image","settings":{"image":"shopify:\/\/shop_images\/Group_4964_2x_2271a2cd-882d-453c-b944-eeedc53722d0.jpg","highlight":false,"subheading":"","title":"","link_text":"SHOP NOW","link_url":"shopify:\/\/collections\/reel-life","link_style":"link","text_position":"middle_center","background":"#f7f8fd","text_color":"#ffffff","button_background":"#ffffff","button_text_color":"#1e316a"}},"2532e7b9-e27b-440f-9555-a253aadd3b57":{"type":"image","settings":{"image":"shopify:\/\/shop_images\/Group_4965_2x_3633ea56-5849-42a3-8f67-9ac5ec78345f.jpg","highlight":false,"subheading":"","title":"","link_text":"SHOP NOW","link_url":"shopify:\/\/collections\/fintech","link_style":"link","text_position":"middle_center","background":"#f7f8fd","text_color":"#ffffff","button_background":"#ffffff","button_text_color":"#000000"}},"bff8ac7b-3e30-4796-af8f-87eb3c962aba":{"type":"image","settings":{"image":"shopify:\/\/shop_images\/Group_4966_2x_c916f703-bc50-4734-993d-2810fe5617d9.jpg","highlight":false,"subheading":"","title":"","link_text":"SHOP NOW","link_url":"shopify:\/\/collections\/mad-pelican","link_style":"link","text_position":"middle_center","background":"#f7f8fd","text_color":"#ffffff","button_background":"#ffffff","button_text_color":"#1e316a"}}},"block_order":["template--16734565564732__ad0ec4b5-a425-4c9b-8ab2-4057dd2a8964-1666893898c94932ca-0","template--16734565564732__ad0ec4b5-a425-4c9b-8ab2-4057dd2a8964-1666893898c94932ca-2","2532e7b9-e27b-440f-9555-a253aadd3b57","bff8ac7b-3e30-4796-af8f-87eb3c962aba"],"disabled":true,"custom_css":[],"settings":{"subheading":"shop by","title":"Brand","section_size":"large","stack_on_mobile":true,"background":"rgba(0,0,0,0)","text_color":"rgba(0,0,0,0)"}},"9913de5b-0b6b-4ad2-bb2c-a8a4d9f09d8c":{"type":"custom-html","disabled":true,"settings":{"subheading":"","title":"","html":"<p style=\"text-align: center; margin: 50px 0;\"><\/p>","add_vertical_spacing":true,"background_type":"full_width","background":"rgba(0,0,0,0)","text_color":"rgba(0,0,0,0)"}},"db3fe127-f303-435d-af88-5dd460065800":{"type":"featured-collections","blocks":{"603d2650-2f69-4ed9-a9a2-630746fc542f":{"type":"collection","settings":{"collection":"rl-featured-new-arrivals","label":"Reel Life","button_text":"","button_url":""}},"template--16792990679356__db3fe127-f303-435d-af88-5dd460065800-1673992403f77c88b8-0":{"type":"collection","settings":{"collection":"gillz-featured-new-arrivals","label":"Gillz","button_text":"","button_url":""}},"3b97f688-cba6-4dca-b598-657caabd2d85":{"type":"collection","settings":{"collection":"fintech-featured-new-arrivals","label":"Fintech","button_text":"","button_url":""}},"739aff9f-914c-40ab-a664-e3c729f0ba4d":{"type":"collection","settings":{"collection":"md-featured-new-arrivals","label":"Mad Pelican","button_text":"","button_url":""}}},"block_order":["603d2650-2f69-4ed9-a9a2-630746fc542f","template--16792990679356__db3fe127-f303-435d-af88-5dd460065800-1673992403f77c88b8-0","3b97f688-cba6-4dca-b598-657caabd2d85","739aff9f-914c-40ab-a664-e3c729f0ba4d"],"custom_css":["p {font-size: 45px; font-weight: 900; margin-top: -20px;}","a {text-decoration: none;}"],"settings":{"subheading":"SHOP","title":"","content":"<p><a href=\"\/collections\/new-arrivals\" title=\"New Arrivals\"><strong>NEW ARRIVALS<\/strong><\/a><\/p>","products_count":4,"products_per_row":4,"stack_products":true,"show_cta":false,"background":"rgba(0,0,0,0)","text_color":"rgba(0,0,0,0)","button_background":"#f06a22","button_text_color":"rgba(0,0,0,0)"}},"collection-list":{"type":"collection-list","blocks":{"collection-1":{"type":"collection","settings":{"collection":"","image":"shopify:\/\/shop_images\/Fishing_043d688f-2d21-40cc-8f84-78b03ddbdfc9.jpg","subheading":"","title":"Fishing","link_text":"SHOP NOW","link_url":"shopify:\/\/collections\/fishing","text_color":"rgba(0,0,0,0)","overlay_color":"#000000","overlay_opacity":30}},"collection-2":{"type":"collection","disabled":true,"settings":{"collection":"","image":"shopify:\/\/shop_images\/Off_grid.jpg","subheading":"","title":"OFF GRID","link_text":"SHOP NOW","link_url":"shopify:\/\/collections\/off-grid","text_color":"rgba(0,0,0,0)","overlay_color":"#000000","overlay_opacity":0}},"collection-3":{"type":"collection","settings":{"collection":"","image":"shopify:\/\/shop_images\/Beach_926afa91-e779-4263-97b7-0d8bc23c6218.jpg","subheading":"","title":"BEACH","link_text":"SHOP NOW","link_url":"shopify:\/\/collections\/beach","text_color":"rgba(0,0,0,0)","overlay_color":"#000000","overlay_opacity":30}},"a90722c5-7fa3-450e-bea2-e856bb0081cf":{"type":"collection","disabled":true,"settings":{"collection":"","image":"shopify:\/\/shop_images\/DSC04193_1.png","subheading":"","title":"Explore","link_text":"shop now","link_url":"","text_color":"rgba(0,0,0,0)","overlay_color":"#000000","overlay_opacity":30}},"c1a9dc88-cd05-4eba-aeff-75ff7f7f94f4":{"type":"collection","disabled":true,"settings":{"collection":"","subheading":"","title":"onsite","link_text":"shop now","link_url":"","text_color":"rgba(0,0,0,0)","overlay_color":"#000000","overlay_opacity":30}},"a4441308-c1b4-427d-87f0-fb6c5593adeb":{"type":"collection","disabled":true,"settings":{"collection":"","subheading":"","title":"Onsite","link_text":"shop now","link_url":"","text_color":"rgba(0,0,0,0)","overlay_color":"#000000","overlay_opacity":30}},"aeb47c17-4128-4185-ade0-5be3d96141a3":{"type":"collection","disabled":true,"settings":{"collection":"","subheading":"","title":"","link_text":"","link_url":"","text_color":"rgba(0,0,0,0)","overlay_color":"#000000","overlay_opacity":30}}},"block_order":["collection-1","collection-2","collection-3","a90722c5-7fa3-450e-bea2-e856bb0081cf","c1a9dc88-cd05-4eba-aeff-75ff7f7f94f4","a4441308-c1b4-427d-87f0-fb6c5593adeb","aeb47c17-4128-4185-ade0-5be3d96141a3"],"disabled":true,"settings":{"reveal_on_scroll":false,"layout":"collage","subheading":"SHOP BY","title":"ACTIVITY","background":"#f5f5f5","text_color":"rgba(0,0,0,0)"}},"f9b8940d-7e32-4ee8-9856-958e5407333e":{"type":"collection-list","blocks":{"template--16792990679356__f9b8940d-7e32-4ee8-9856-958e5407333e-16675027030eb08e24-0":{"type":"collection","settings":{"collection":"","image":"shopify:\/\/shop_images\/Outdoor.jpg","subheading":"","title":"Outdoor","link_text":"SHOP NOW","link_url":"shopify:\/\/collections\/outdoor","text_color":"rgba(0,0,0,0)","overlay_color":"#000000","overlay_opacity":30}},"template--16792990679356__f9b8940d-7e32-4ee8-9856-958e5407333e-16675027030eb08e24-1":{"type":"collection","disabled":true,"settings":{"collection":"","image":"shopify:\/\/shop_images\/Artboard_6.jpg","subheading":"","title":"Explore","link_text":"SHOP NOW","link_url":"shopify:\/\/collections\/explore","text_color":"rgba(0,0,0,0)","overlay_color":"#000000","overlay_opacity":0}},"template--16792990679356__f9b8940d-7e32-4ee8-9856-958e5407333e-16675027030eb08e24-2":{"type":"collection","settings":{"collection":"","image":"shopify:\/\/shop_images\/On_Site.jpg","subheading":"","title":"onsite","link_text":"SHOP NOW","link_url":"shopify:\/\/collections\/onsite","text_color":"rgba(0,0,0,0)","overlay_color":"#000000","overlay_opacity":30}},"template--16792990679356__f9b8940d-7e32-4ee8-9856-958e5407333e-16675027030eb08e24-3":{"type":"collection","disabled":true,"settings":{"collection":"","subheading":"","title":"","link_text":"","link_url":"","text_color":"rgba(0,0,0,0)","overlay_color":"#000000","overlay_opacity":30}},"template--16792990679356__f9b8940d-7e32-4ee8-9856-958e5407333e-16675027030eb08e24-4":{"type":"collection","disabled":true,"settings":{"collection":"","subheading":"","title":"","link_text":"","link_url":"","text_color":"rgba(0,0,0,0)","overlay_color":"#000000","overlay_opacity":30}},"template--16792990679356__f9b8940d-7e32-4ee8-9856-958e5407333e-16675027030eb08e24-5":{"type":"collection","disabled":true,"settings":{"collection":"","subheading":"","title":"","link_text":"","link_url":"","text_color":"rgba(0,0,0,0)","overlay_color":"#000000","overlay_opacity":30}}},"block_order":["template--16792990679356__f9b8940d-7e32-4ee8-9856-958e5407333e-16675027030eb08e24-0","template--16792990679356__f9b8940d-7e32-4ee8-9856-958e5407333e-16675027030eb08e24-1","template--16792990679356__f9b8940d-7e32-4ee8-9856-958e5407333e-16675027030eb08e24-2","template--16792990679356__f9b8940d-7e32-4ee8-9856-958e5407333e-16675027030eb08e24-3","template--16792990679356__f9b8940d-7e32-4ee8-9856-958e5407333e-16675027030eb08e24-4","template--16792990679356__f9b8940d-7e32-4ee8-9856-958e5407333e-16675027030eb08e24-5"],"disabled":true,"settings":{"reveal_on_scroll":false,"layout":"collage","subheading":"","title":"","background":"#f5f5f5","text_color":"rgba(0,0,0,0)"}},"d17bc8a1-90c8-4217-bbe7-2e96411c390c":{"type":"image-with-text","blocks":{"template--16734565564732__d17bc8a1-90c8-4217-bbe7-2e96411c390c-16667933406823e3e1-0":{"type":"item","settings":{"image":"shopify:\/\/shop_images\/GUV263075-044_SIDE_1.jpg","tab_label":"","subheading":"GILLZ","title":"PRO SERIES Long Sleeve UV","content":"<p>Featuring GILLZTEC proprietary fabric, this premier long sleeve fishing shirt not only protects you from the sun with UPF 50+ UV-blocking technology, but also offers modified shoulder shaping and no-seam, breathable underarm gussets. With additional benefits, such as 360-degree ventilation and cool-to-touch body fabric, this performance shirt lets you maximize your time outside. <\/p>","button_text":"SHOP ALL","button_link":"shopify:\/\/collections\/gillz-pro-series"}},"bb724973-3a48-4ffc-b901-6fa2f8f918b5":{"type":"item","settings":{"image":"shopify:\/\/shop_images\/RUV020144-830_back_2.jpg","tab_label":"REEL LIFE","subheading":"REEL LIFE","title":"Jax Beach collection","content":"<p>The Jax Beach UV Collection is both lightweight and breathable while being incredibly durable. Our Interlock microfiber fabric is double brushed for softness and features mechanical stretch for comfort. Great for fishing on the boat, dock, or beach.<\/p>","button_text":"shop all","button_link":"shopify:\/\/collections\/jax-collection"}},"12429ac7-f483-45a6-bd06-30d8d6367788":{"type":"item","settings":{"image":"shopify:\/\/shop_images\/DSC-2_2f78848c-900d-4f5a-8161-418dd2077936.jpg","tab_label":"","subheading":"FINTECH","title":"OUTERWEAR","content":"<p>Every day is an adventure into the unknown, an unscripted journey filled with opportunity and potential hazards. Like you, FinTech is always ready to go, whether it’s a weekend getaway or a hard day on the job site. FinTech equips you for success in the harsh elements.<\/p>","button_text":"SHOP ALL","button_link":"shopify:\/\/collections\/fintech-outerwear"}},"c027d0a5-0abd-404e-a276-c8edc220ec28":{"type":"item","settings":{"image":"shopify:\/\/shop_images\/unnamed_16e6a6a7-d1d5-4484-80bc-9bce633a234e.jpg","tab_label":"","subheading":"MAD PELICAN","title":"ESSENTIAL TEES","content":"<p>Experience next-level comfort with our Graphic T-Shirts. They feel like butter, are lightweight, and virtually shrink-free, ensuring a soft and hassle-free experience every time. Embrace the ultimate blend of comfort and style today!<\/p>","button_text":"SHOP ALL","button_link":"shopify:\/\/collections\/mad-pelican"}}},"block_order":["template--16734565564732__d17bc8a1-90c8-4217-bbe7-2e96411c390c-16667933406823e3e1-0","bb724973-3a48-4ffc-b901-6fa2f8f918b5","12429ac7-f483-45a6-bd06-30d8d6367788","c027d0a5-0abd-404e-a276-c8edc220ec28"],"settings":{"reveal_on_scroll":true,"background_type":"full_width","background_overlap":"image","image_position":"right","text_alignment":"center","cycle_speed":7,"accent_background":"#1a1818","text_color":"rgba(0,0,0,0)","button_background":"rgba(0,0,0,0)","button_text_color":"#000000"}},"4a4a9dfa-fe5c-41a0-ba7a-886f88d0a53f":{"type":"featured-collections","blocks":{"template--16792990679356__4a4a9dfa-fe5c-41a0-ba7a-886f88d0a53f-167398974187191a5c-0":{"type":"collection","settings":{"collection":"gillz-homepage-featured-best-sellers","label":"Gillz","button_text":"","button_url":""}},"f7aa3078-4b17-49d4-ac82-ee3fbbf1e129":{"type":"collection","settings":{"collection":"reel-life-homepage-featured-best-sellers","label":"Reel Life","button_text":"","button_url":"shopify:\/\/collections\/reel-life-homepage-featured-best-sellers"}},"31285020-b512-4454-a4fd-75b117b8d97a":{"type":"collection","settings":{"collection":"fintech-homepage-featured-best-sellers","label":"Fintech","button_text":"","button_url":""}},"ec0c3eb5-3f2c-4209-80d9-738a0d50ddb5":{"type":"collection","settings":{"collection":"md-homepage-featured-best-sellers","label":"Mad Pelican","button_text":"","button_url":""}}},"block_order":["template--16792990679356__4a4a9dfa-fe5c-41a0-ba7a-886f88d0a53f-167398974187191a5c-0","f7aa3078-4b17-49d4-ac82-ee3fbbf1e129","31285020-b512-4454-a4fd-75b117b8d97a","ec0c3eb5-3f2c-4209-80d9-738a0d50ddb5"],"custom_css":["p {font-size: 45px; font-weight: 900; margin-top: -20px;}","a {text-decoration: none;}"],"settings":{"subheading":"Shop","title":"","content":"<p><a href=\"\/collections\/all-best-sellers\" title=\"All Best Sellers\">BEST SELLERS<\/a><\/p>","products_count":4,"products_per_row":4,"stack_products":true,"show_cta":false,"background":"#ffffff","text_color":"rgba(0,0,0,0)","button_background":"#f06a22","button_text_color":"rgba(0,0,0,0)"}},"55acfd88-d1ad-43aa-b8b5-72410e61aa77":{"type":"collection-list","blocks":{"template--16734565564732__55acfd88-d1ad-43aa-b8b5-72410e61aa77-1666793339c7461d69-0":{"type":"collection","settings":{"collection":"","image":"shopify:\/\/shop_images\/Performance_28413504-611d-4040-991d-a14b8be10dae.jpg","subheading":"","title":"PERFORMANCE","link_text":"SHOP NOW","link_url":"shopify:\/\/collections\/performance","text_color":"rgba(0,0,0,0)","overlay_color":"#000000","overlay_opacity":30}},"template--16734565564732__55acfd88-d1ad-43aa-b8b5-72410e61aa77-1666793339c7461d69-1":{"type":"collection","settings":{"collection":"","image":"shopify:\/\/shop_images\/SHORTSLEEVES.jpg","subheading":"","title":"SHORT SLEEVES","link_text":"SHOP NOW","link_url":"shopify:\/\/collections\/all-shortsleeve","text_color":"rgba(0,0,0,0)","overlay_color":"#000000","overlay_opacity":30}},"template--16734565564732__55acfd88-d1ad-43aa-b8b5-72410e61aa77-1666793339c7461d69-2":{"type":"collection","settings":{"collection":"","image":"shopify:\/\/shop_images\/LONGSLEEVES.jpg","subheading":"","title":"LONG SLEEVES","link_text":"SHOP NOW","link_url":"shopify:\/\/collections\/all-longsleeve","text_color":"rgba(0,0,0,0)","overlay_color":"#000000","overlay_opacity":30}},"template--16734565564732__55acfd88-d1ad-43aa-b8b5-72410e61aa77-1666793339c7461d69-3":{"type":"collection","settings":{"collection":"","image":"shopify:\/\/shop_images\/2P5A3730_1.jpg","subheading":"","title":"HOODIES","link_text":"SHOP NOW","link_url":"shopify:\/\/collections\/hoodies","text_color":"rgba(0,0,0,0)","overlay_color":"#000000","overlay_opacity":30}},"template--16734565564732__55acfd88-d1ad-43aa-b8b5-72410e61aa77-1666793339c7461d69-4":{"type":"collection","settings":{"collection":"","image":"shopify:\/\/shop_images\/JACKETS_ae67af5e-f412-47f6-a34a-59cfe73449f4.jpg","subheading":"","title":"JACKETS","link_text":"SHOP NOW","link_url":"shopify:\/\/collections\/jackets","text_color":"rgba(0,0,0,0)","overlay_color":"#000000","overlay_opacity":30}},"template--16734565564732__55acfd88-d1ad-43aa-b8b5-72410e61aa77-1666793339c7461d69-5":{"type":"collection","settings":{"collection":"","image":"shopify:\/\/shop_images\/Walkshorts_Boardshorts_Men_c2b41a90-a2bc-4992-9fd5-6ebea703ac4c.jpg","subheading":"","title":"SHORTS","link_text":"SHOP NOW","link_url":"shopify:\/\/collections\/all-shorts","text_color":"rgba(0,0,0,0)","overlay_color":"#000000","overlay_opacity":30}},"55218039-8d8a-4b62-9931-53f8f5b00638":{"type":"collection","settings":{"collection":"","image":"shopify:\/\/shop_images\/PANTS.jpg","subheading":"","title":"PANTS","link_text":"SHOP NOW","link_url":"shopify:\/\/collections\/pants","text_color":"rgba(0,0,0,0)","overlay_color":"#000000","overlay_opacity":30}},"17332e53-a3a9-454f-b789-bb3862161c89":{"type":"collection","settings":{"collection":"","image":"shopify:\/\/shop_images\/ACCESSORIES.jpg","subheading":"","title":"ACCESSORIES","link_text":"SHOP NOW","link_url":"shopify:\/\/collections\/accessories","text_color":"#ffffff","overlay_color":"#000000","overlay_opacity":30}},"9cee48ce-4186-47b0-99c2-ed9d21b62a2d":{"type":"collection","disabled":true,"settings":{"collection":"","subheading":"","title":"","link_text":"","link_url":"","text_color":"rgba(0,0,0,0)","overlay_color":"#000000","overlay_opacity":30}}},"block_order":["template--16734565564732__55acfd88-d1ad-43aa-b8b5-72410e61aa77-1666793339c7461d69-0","template--16734565564732__55acfd88-d1ad-43aa-b8b5-72410e61aa77-1666793339c7461d69-1","template--16734565564732__55acfd88-d1ad-43aa-b8b5-72410e61aa77-1666793339c7461d69-2","template--16734565564732__55acfd88-d1ad-43aa-b8b5-72410e61aa77-1666793339c7461d69-3","template--16734565564732__55acfd88-d1ad-43aa-b8b5-72410e61aa77-1666793339c7461d69-4","template--16734565564732__55acfd88-d1ad-43aa-b8b5-72410e61aa77-1666793339c7461d69-5","55218039-8d8a-4b62-9931-53f8f5b00638","17332e53-a3a9-454f-b789-bb3862161c89","9cee48ce-4186-47b0-99c2-ed9d21b62a2d"],"settings":{"reveal_on_scroll":false,"layout":"collage","subheading":"SHOP BY","title":"CATEGORY","background":"#f5f5f5","text_color":"rgba(0,0,0,0)"}},"shop-the-look":{"type":"shop-the-look","blocks":{"look-1":{"type":"look","settings":{"image":"shopify:\/\/shop_images\/Image_4.jpg","mobile_image":"shopify:\/\/shop_images\/Image_39.jpg","dot_type":"normal","product_1":"reel-life-womens-chauncey-sherpa-jacket-hooked-on-palms","product_1_horizontal_position":16,"product_1_vertical_position":47,"product_1_horizontal_position_mobile":22,"product_1_vertical_position_mobile":39,"product_2":"reel-life-mens-solstice-sherpa-trimmed-hoodie","product_2_horizontal_position":59,"product_2_vertical_position":52,"product_2_horizontal_position_mobile":68,"product_2_vertical_position_mobile":27,"product_3":"reel-life-mens-orca-bay-corduroy-short","product_3_horizontal_position":54,"product_3_vertical_position":82,"product_3_horizontal_position_mobile":68,"product_3_vertical_position_mobile":65}},"34ff0b0b-1711-491e-b060-fab026bca4df":{"type":"look","disabled":true,"settings":{"dot_type":"normal","product_1":"","product_1_horizontal_position":30,"product_1_vertical_position":30,"product_1_horizontal_position_mobile":30,"product_1_vertical_position_mobile":30,"product_2":"gillz-mens-contender-series-uv-hoodie-tonal-tek","product_2_horizontal_position":31,"product_2_vertical_position":50,"product_2_horizontal_position_mobile":50,"product_2_vertical_position_mobile":50,"product_3":"","product_3_horizontal_position":70,"product_3_vertical_position":70,"product_3_horizontal_position_mobile":70,"product_3_vertical_position_mobile":70}},"f97bf32d-c67f-453c-820d-020f42a820d5":{"type":"look","settings":{"image":"shopify:\/\/shop_images\/Image_14.jpg","mobile_image":"shopify:\/\/shop_images\/Image_62.jpg","dot_type":"normal","product_1":"mens-contender-uv-hoodie-m80","product_1_horizontal_position":30,"product_1_vertical_position":30,"product_1_horizontal_position_mobile":16,"product_1_vertical_position_mobile":34,"product_2":"gillz-mens-contender-series-ls-uv-rpm","product_2_horizontal_position":65,"product_2_vertical_position":28,"product_2_horizontal_position_mobile":76,"product_2_vertical_position_mobile":34,"product_3":"mens-pro-series-short","product_3_horizontal_position":54,"product_3_vertical_position":70,"product_3_horizontal_position_mobile":60,"product_3_vertical_position_mobile":69}},"dc6090ac-b2bb-4f5c-83f0-a071e02f1d89":{"type":"look","settings":{"image":"shopify:\/\/shop_images\/Image_11.jpg","mobile_image":"shopify:\/\/shop_images\/MadPelican_Shop_the_look.jpg","dot_type":"normal","product_1":"mens-knucklehead-snap-back-hat-pelican-logo","product_1_horizontal_position":62,"product_1_vertical_position":9,"product_1_horizontal_position_mobile":53,"product_1_vertical_position_mobile":5,"product_2":"mens-perfection-graphic-tee-moonlit-jeep","product_2_horizontal_position":73,"product_2_vertical_position":26,"product_2_horizontal_position_mobile":61,"product_2_vertical_position_mobile":19,"product_3":"mens-donnies-walking-short-for-ur-eyes-only","product_3_horizontal_position":62,"product_3_vertical_position":76,"product_3_horizontal_position_mobile":63,"product_3_vertical_position_mobile":63}},"d4c1c15c-59a6-4b75-b9a4-b6f5cb6cd0e4":{"type":"look","settings":{"image":"shopify:\/\/shop_images\/Image_8.jpg","mobile_image":"shopify:\/\/shop_images\/Fintech_Shop_the_look.jpg","dot_type":"normal","product_1":"fintech-mens-ls-coastal-performance-uv-baitshop","product_1_horizontal_position":30,"product_1_vertical_position":29,"product_1_horizontal_position_mobile":23,"product_1_vertical_position_mobile":32,"product_2":"","product_2_horizontal_position":64,"product_2_vertical_position":64,"product_2_horizontal_position_mobile":33,"product_2_vertical_position_mobile":33,"product_3":"fintech-mens-hybrid-lightweight-pant","product_3_horizontal_position":70,"product_3_vertical_position":69,"product_3_horizontal_position_mobile":76,"product_3_vertical_position_mobile":63}}},"block_order":["look-1","34ff0b0b-1711-491e-b060-fab026bca4df","f97bf32d-c67f-453c-820d-020f42a820d5","dc6090ac-b2bb-4f5c-83f0-a071e02f1d89","d4c1c15c-59a6-4b75-b9a4-b6f5cb6cd0e4"],"disabled":true,"settings":{"reveal_on_scroll":true,"label":"Shop the looks"}},"7d805a6c-b515-4334-80b5-a2b1fb23b51d":{"type":"custom-html","disabled":true,"settings":{"subheading":"","title":"","html":"<div class=\"shop-button\"><a href=\"\">SHOP NOW<\/a><\/div>","add_vertical_spacing":true,"background_type":"full_width","background":"rgba(0,0,0,0)","text_color":"rgba(0,0,0,0)"}},"4f032ed7-a512-4054-9020-9ae367c0459e":{"type":"blog-posts","disabled":true,"settings":{"blog":"news","subheading":"shop the","title":"Deals","articles_count":4,"stack_mobile":true,"show_category":false,"show_excerpt":true,"background":"rgba(0,0,0,0)","text_color":"rgba(0,0,0,0)"}},"caf03fd1-6238-4d90-8f42-0c40104410ee":{"type":"featured-collections","blocks":{"5ded789f-1757-45d3-b460-c72bfe35742b":{"type":"collection","settings":{"collection":"fintech-featured-performance","label":"Fintech","button_text":"","button_url":""}},"template--16792990679356__caf03fd1-6238-4d90-8f42-0c40104410ee-167398974187191a5c-0":{"type":"collection","settings":{"collection":"gillz-featured-homepage-performance","label":"Gillz","button_text":"","button_url":""}},"f9a16b9b-edbd-47c6-807d-52e0c5fd771c":{"type":"collection","settings":{"collection":"reel-life-featured-performance","label":"Reel Life","button_text":"","button_url":""}},"7c7e34c6-3951-4053-853f-084c7dc0d8a9":{"type":"collection","settings":{"collection":"md-featured-performance","label":"Mad Pelican","button_text":"","button_url":""}}},"block_order":["5ded789f-1757-45d3-b460-c72bfe35742b","template--16792990679356__caf03fd1-6238-4d90-8f42-0c40104410ee-167398974187191a5c-0","f9a16b9b-edbd-47c6-807d-52e0c5fd771c","7c7e34c6-3951-4053-853f-084c7dc0d8a9"],"custom_css":["p {font-size: 45px; font-weight: 900; margin-top: -20px;}","a {text-decoration: none;}"],"settings":{"subheading":"SHOP","title":"","content":"<p><a href=\"\/collections\/performance\" title=\"Performance\">PERFORMANCE<\/a><\/p>","products_count":4,"products_per_row":4,"stack_products":true,"show_cta":false,"background":"#ffffff","text_color":"rgba(0,0,0,0)","button_background":"#f06a22","button_text_color":"#ffffff"}},"b699d1ff-a8be-4570-b5cf-0f32844afaa9":{"type":"multi-column","blocks":{"template--16792990679356__b699d1ff-a8be-4570-b5cf-0f32844afaa9-166852981662bb9064-0":{"type":"item","settings":{"image":"shopify:\/\/shop_images\/Homepage-sales_CLOSEOUT_SALE.jpg","image_width":100,"image_border":"rgba(0,0,0,0)","title":"INVENTORY CLOSEOUT UP TO 50% off ON SELECTED ITEMS","content":"","link_text":"","link_url":"shopify:\/\/collections\/sale-1","link_style":"link","text_alignment":"left","vertical_alignment":"start"}},"template--16792990679356__b699d1ff-a8be-4570-b5cf-0f32844afaa9-166852981662bb9064-1":{"type":"item","disabled":true,"settings":{"image":"shopify:\/\/shop_images\/Artboard_2.jpg","image_width":100,"image_border":"rgba(0,0,0,0)","title":"GEAR UP FOR THE FALL! GET 30% OFF SITEWIDE","content":"","link_text":"","link_url":"shopify:\/\/collections\/all","link_style":"link","text_alignment":"left","vertical_alignment":"start"}},"template--16792990679356__b699d1ff-a8be-4570-b5cf-0f32844afaa9-166852981662bb9064-2":{"type":"item","disabled":true,"settings":{"image":"shopify:\/\/shop_images\/Home_page_sale.jpg","image_width":100,"image_border":"rgba(0,0,0,0)","title":"BUY ONE GET ONE FREE OF SELECTED FINTECH HOODIES","content":"","link_text":"","link_url":"shopify:\/\/collections\/bogo-hoodies","link_style":"link","text_alignment":"left","vertical_alignment":"start"}},"template--16792990679356__b699d1ff-a8be-4570-b5cf-0f32844afaa9-166852981662bb9064-3":{"type":"item","disabled":true,"settings":{"image":"shopify:\/\/shop_images\/GRAPHIC_TEES_3_for_59.99_-_or_-_Long_Sleeves_UV_shirt_3_for_84.99_58bdfddd-c489-4af2-bd46-7c7b21a7fc28.jpg","image_width":100,"image_border":"rgba(0,0,0,0)","title":"GET 3 LONGSLEEVES FOR $84.99 OR 3 GRAPHIC TEES FOR $59.99","content":"","link_text":"","link_url":"shopify:\/\/collections\/uv-bundle","link_style":"link","text_alignment":"left","vertical_alignment":"start"}}},"block_order":["template--16792990679356__b699d1ff-a8be-4570-b5cf-0f32844afaa9-166852981662bb9064-0","template--16792990679356__b699d1ff-a8be-4570-b5cf-0f32844afaa9-166852981662bb9064-1","template--16792990679356__b699d1ff-a8be-4570-b5cf-0f32844afaa9-166852981662bb9064-2","template--16792990679356__b699d1ff-a8be-4570-b5cf-0f32844afaa9-166852981662bb9064-3"],"settings":{"reveal_on_scroll":true,"stack_items":true,"subheading":"shop the","title":"Deals","content":"","column_alignment":"center","mobile_item_size":"large","desktop_item_size":"large","spacing":"loose","background":"#f5f5f5","text_color":"rgba(0,0,0,0)"}},"timeline":{"type":"timeline","blocks":{"item-1":{"type":"item","settings":{"image":"shopify:\/\/shop_images\/DSC02191.png","label":"THE ANGLER","title":"CAPTAIN MIKE MACKO TWO CONCHS CHARTERS MARATHON, FL","content":"<p>It is a long established fact that a reader will be distracted by the readable content of a page when looking at its layout. The point of using Lorem Ipsum is that it has a more-or-less normal distribution of letters, as opposed to using 'Content here, content here', making it look like readable English.<\/p>","button_text":"learn MORE","button_link":"shopify:\/\/pages\/the-outdoorsman"}},"item-2":{"type":"item","settings":{"image":"shopify:\/\/shop_images\/DSC-1.jpg","label":"THE BEACH BUM","title":"CAPTAIN Delfos  TWO CONCHS CHARTERS MARATHON, FL","content":"<p>It is a long established fact that a reader will be distracted by the readable content of a page when looking at its layout. The point of using Lorem Ipsum is that it has a more-or-less normal distribution of letters, as opposed to using 'Content here, content here', making it look like readable English.<\/p>","button_text":"LEARN MORE","button_link":"shopify:\/\/pages\/the-outdoorsman"}},"item-3":{"type":"item","settings":{"image":"shopify:\/\/shop_images\/DSC-2_93ebc65d-3f97-480f-80bd-e545f5812221.jpg","label":"THE WORKAHOLIC","title":"THE WORKAHOLIC","content":"<p>It is a long established fact that a reader will be distracted by the readable content of a page when looking at its layout. The point of using Lorem Ipsum is that it has a more-or-less normal distribution of letters, as opposed to using 'Content here, content here', making it look like readable English.<\/p>","button_text":"LEARN MORE","button_link":"shopify:\/\/pages\/the-outdoorsman"}},"40933cdd-cf21-49a2-9c8e-7b9d1fd01369":{"type":"item","settings":{"image":"shopify:\/\/shop_images\/DSC-3_d23c7eff-b607-4ecc-893a-a8710e0b1ceb.jpg","label":"THE MADMEN","title":"THE MADMEN","content":"<p>It is a long established fact that a reader will be distracted by the readable content of a page when looking at its layout. The point of using Lorem Ipsum is that it has a more-or-less normal distribution of letters, as opposed to using 'Content here, content here', making it look like readable English.<\/p>","button_text":"LEARN MORE","button_link":"shopify:\/\/pages\/the-outdoorsman"}}},"block_order":["item-1","item-2","item-3","40933cdd-cf21-49a2-9c8e-7b9d1fd01369"],"disabled":true,"settings":{"subheading":"MEET OUR","title":"OUTDOOR SPECIALIST","text_position":"middle","background":"#1a1818","text_color":"#ffffff","item_background":"rgba(0,0,0,0)","item_text_color":"rgba(0,0,0,0)"}},"3b4d2ba3-8d46-4571-b283-95e3c8f5079b":{"type":"text-with-icons","blocks":{"template--16792990679356__3b4d2ba3-8d46-4571-b283-95e3c8f5079b-1681833169aac83b16-0":{"type":"item","settings":{"icon":"picto-box","custom_icon_width":50,"title":"Free shipping","content":"<p>Free U.S. shipping on every order over $75<\/p>"}},"template--16792990679356__3b4d2ba3-8d46-4571-b283-95e3c8f5079b-1681833169aac83b16-1":{"type":"item","settings":{"icon":"picto-phone","custom_icon_width":50,"title":"Customer service","content":"<p>We are available Monday to Friday to answer your questions at (<a href=\"tel:9044792906\">904)-479-2906<\/a><\/p>"}},"template--16792990679356__3b4d2ba3-8d46-4571-b283-95e3c8f5079b-1681833169aac83b16-2":{"type":"item","settings":{"icon":"picto-lock","custom_icon_width":50,"title":"Secure payment","content":"<p>Your payment information is processed securely.<\/p>"}},"template--16792990679356__3b4d2ba3-8d46-4571-b283-95e3c8f5079b-1681833169aac83b16-3":{"type":"item","settings":{"icon":"picto-email","custom_icon_width":50,"title":"Contact us","content":"<p>Need to contact us ? Just send us an e-mail at <a href='mailto:info@outdoornation.com'>info@outdoornation.com<\/a><\/p>"}}},"block_order":["template--16792990679356__3b4d2ba3-8d46-4571-b283-95e3c8f5079b-1681833169aac83b16-0","template--16792990679356__3b4d2ba3-8d46-4571-b283-95e3c8f5079b-1681833169aac83b16-1","template--16792990679356__3b4d2ba3-8d46-4571-b283-95e3c8f5079b-1681833169aac83b16-2","template--16792990679356__3b4d2ba3-8d46-4571-b283-95e3c8f5079b-1681833169aac83b16-3"],"settings":{"background":"rgba(0,0,0,0)","text_color":"rgba(0,0,0,0)"}},"d03decf7-f041-4cb7-951e-5a76cee6a74d":{"type":"newsletter","settings":{"reveal_on_scroll":true,"image":"shopify:\/\/shop_images\/SUBSCRIBE_banner_1_2.jpg","subheading":"JOIN THE NATION","content":"<p>Promotions, new products and sales. <\/p>","text_position":"left","text_alignment":"left","text_background":"rgba(0,0,0,0)","text_color":"rgba(0,0,0,0)","button_background":"#f06a22","button_text_color":"rgba(0,0,0,0)"}}},"order":["slideshow","ad0ec4b5-a425-4c9b-8ab2-4057dd2a8964","9913de5b-0b6b-4ad2-bb2c-a8a4d9f09d8c","db3fe127-f303-435d-af88-5dd460065800","collection-list","f9b8940d-7e32-4ee8-9856-958e5407333e","d17bc8a1-90c8-4217-bbe7-2e96411c390c","4a4a9dfa-fe5c-41a0-ba7a-886f88d0a53f","55acfd88-d1ad-43aa-b8b5-72410e61aa77","shop-the-look","7d805a6c-b515-4334-80b5-a2b1fb23b51d","4f032ed7-a512-4054-9020-9ae367c0459e","caf03fd1-6238-4d90-8f42-0c40104410ee","b699d1ff-a8be-4570-b5cf-0f32844afaa9","timeline","3b4d2ba3-8d46-4571-b283-95e3c8f5079b","d03decf7-f041-4cb7-951e-5a76cee6a74d"]}