{"sections":{"main":{"type":"main-page","disabled":true,"settings":{"show_title":true,"page_width":"medium"}},"02c1b158-b35e-4462-ab66-ff7574d77bc7":{"type":"slideshow","blocks":{"template--16792990843196__02c1b158-b35e-4462-ab66-ff7574d77bc7-16681290630fcee27a-0":{"type":"image","settings":{"image":"shopify:\/\/shop_images\/Group_5001_2.jpg","logo_image":"shopify:\/\/shop_images\/Group_4900.png","text_position":"middle_right","subheading":"","title":"BUILT FOR THE OUTDOORS, DESIGNED FOR LIFE.","content":"","button_1_text":"shop ALL","button_1_link":"shopify:\/\/collections\/fintech","button_2_text":"","button_2_link":"","text_color":"#ffffff","button_background":"#f06a22","button_text_color":"#ffffff","overlay_color":"#000000","overlay_opacity":30,"section_css_class":"fintech-hero"}}},"block_order":["template--16792990843196__02c1b158-b35e-4462-ab66-ff7574d77bc7-16681290630fcee27a-0"],"settings":{"section_height":"medium","transition_type":"sweep","autoplay":true,"cycle_speed":5,"background":"rgba(0,0,0,0)"}},"ea036c0c-e3b4-480f-a5ea-f774bdb39a3f":{"type":"rich-text","settings":{"subheading":"","title":"GEAR MADE TO WORK","content":"<p>FinTech is the outdoor clothing brand that offers you the best combination of function, style and affordability. From fishing holes to job sites, FinTech creates outdoor gear with proprietary fabrics that boast UV protection and moisture-wicking performance. Our line features long-sleeve t shirts, practical graphic t shirts, cargo shorts, durable trousers and collared shirts that are right for any occasion. From high-quality performance fishing clothes to sturdy work dress shirts, FinTech gear not only protects but also looks good along the way. Shop online now for the affordable performance wear you need day in and day out.<\/p>","button_text":"","button_link":"","background_type":"full_width","text_width":"large","text_position":"center","text_alignment":"center","background":"#f5f5f5","text_color":"#1a1818","button_background":"rgba(0,0,0,0)","button_text_color":"rgba(0,0,0,0)"}},"06dcb84a-98e8-4e5e-b209-cabab5b648bb":{"type":"featured-collections","blocks":{"template--16792990843196__06dcb84a-98e8-4e5e-b209-cabab5b648bb-16681294442c5a9453-0":{"type":"collection","settings":{"collection":"fintech","label":"","button_text":"Shop ALL","button_url":"shopify:\/\/collections\/fintech"}}},"block_order":["template--16792990843196__06dcb84a-98e8-4e5e-b209-cabab5b648bb-16681294442c5a9453-0"],"settings":{"subheading":"Shop","title":"Fintech new arrivals","content":"","products_count":4,"products_per_row":4,"stack_products":true,"show_cta":false,"background":"#ffffff","text_color":"rgba(0,0,0,0)","button_background":"#f06a22","button_text_color":"rgba(0,0,0,0)"}},"091f0bbc-28e3-49cc-83fc-d00889a42b29":{"type":"image-with-text","blocks":{"template--16757099594044__091f0bbc-28e3-49cc-83fc-d00889a42b29-1666896284b5bf6042-0":{"type":"item","settings":{"image":"shopify:\/\/shop_images\/Image_22.jpg","tab_label":"Item","subheading":"DESIGNED TO","title":"OUTFIT YOUR ADVENTURE","content":"<p>Form follows function, and the protective, durable FinTech line of apparel means you don’t have to worry or think about any of our shirts, shorts or hats regardless of your plan for the day. The high-quality UV protective fabrics and thoughtful designs include marine-grade durability and detailing. With options like vented capes, well-placed pockets and hearty zippers, you can take your FinTech favorites from work to water, or wherever you strike out to spend your down time.<\/p>","button_text":"","button_link":""}}},"block_order":["template--16757099594044__091f0bbc-28e3-49cc-83fc-d00889a42b29-1666896284b5bf6042-0"],"settings":{"reveal_on_scroll":true,"background_type":"full_width","background_overlap":"image","image_position":"left","text_alignment":"center","cycle_speed":8,"accent_background":"#1a1818","text_color":"rgba(0,0,0,0)","button_background":"rgba(0,0,0,0)","button_text_color":"rgba(0,0,0,0)"}},"630618b2-d4c7-4225-b453-302c6c6b3c36":{"type":"logo-list","blocks":{"template--16757099594044__630618b2-d4c7-4225-b453-302c6c6b3c36-1666896357757d0f52-0":{"type":"logo","settings":{"logo":"shopify:\/\/shop_images\/Fintech_UPF50_IC.png","link":""}},"template--16757099594044__630618b2-d4c7-4225-b453-302c6c6b3c36-1666896357757d0f52-1":{"type":"logo","settings":{"logo":"shopify:\/\/shop_images\/Fintech_MOISTURE_IC.png","link":""}},"template--16757099594044__630618b2-d4c7-4225-b453-302c6c6b3c36-1666896357757d0f52-2":{"type":"logo","settings":{"logo":"shopify:\/\/shop_images\/Fintech_HEAVY_DUTY_IC.png","link":""}},"template--16757099594044__630618b2-d4c7-4225-b453-302c6c6b3c36-1666896357757d0f52-3":{"type":"logo","settings":{"logo":"shopify:\/\/shop_images\/Fintech_Breathable_IC.png","link":""}}},"block_order":["template--16757099594044__630618b2-d4c7-4225-b453-302c6c6b3c36-1666896357757d0f52-0","template--16757099594044__630618b2-d4c7-4225-b453-302c6c6b3c36-1666896357757d0f52-1","template--16757099594044__630618b2-d4c7-4225-b453-302c6c6b3c36-1666896357757d0f52-2","template--16757099594044__630618b2-d4c7-4225-b453-302c6c6b3c36-1666896357757d0f52-3"],"settings":{"reveal_on_scroll":true,"subheading":"FINTECH APPAREL","title":"FEATURES","button_text":"","button_link":"","stack_logos":true,"background":"rgba(0,0,0,0)","text_color":"rgba(0,0,0,0)","button_background":"rgba(0,0,0,0)","button_text_color":"rgba(0,0,0,0)","logo_background":"rgba(0,0,0,0)"}},"12ce47f7-e652-425a-898a-503af86acaea":{"type":"slideshow","blocks":{"template--16792990843196__12ce47f7-e652-425a-898a-503af86acaea-16688106774f51a1e4-1":{"type":"image","settings":{"image":"shopify:\/\/shop_images\/Fintech_2.jpg","text_position":"middle_left","subheading":"PRODUCT SPOTLIGHT","title":"DIAMOND QUILTED SHELL","content":"<p>Fintech Diamond Quilted Shell: Warm windproof, water-resistant polyester shell with lining. This quilted jacket uses incredibly lightweight and highly compressible insulation and is finished with rust-resistant components, marine grade zippers and a classic diamond pattern.<\/p>","button_1_text":"shop now","button_1_link":"https:\/\/outdoornation.com\/products\/fintech-mens-diamond-quilted-shell","button_2_text":"","button_2_link":"","text_color":"#ffffff","button_background":"#f06a22","button_text_color":"#ffffff","overlay_color":"#000000","overlay_opacity":30,"section_css_class":"Type your own CSS class"}},"template--16792990843196__12ce47f7-e652-425a-898a-503af86acaea-16688106774f51a1e4-0":{"type":"image","settings":{"image":"shopify:\/\/shop_images\/Fintech_LS_Coastal_Performance_2.jpg","text_position":"middle_left","subheading":"product spotlight","title":"Fintech Men's LS Coastal Performance UV","content":"<p>FinTech’s Long-sleeve Coastal Performance UV is the perfect option for your next adventure on the water.  Featuring a heavyweight quick drying fabric with UPF 50+ sun protection.  This UV is sure to keep you warm at first light.<\/p>","button_1_text":"shop now","button_1_link":"shopify:\/\/products\/fintech-mens-ls-coastal-performance-uv-usa-shield","button_2_text":"","button_2_link":"","text_color":"#ffffff","button_background":"#f06a22","button_text_color":"#ffffff","overlay_color":"#282828","overlay_opacity":30,"section_css_class":"Type your own CSS class"}},"52a778c7-0073-4f7f-9ef9-00c52aa681ba":{"type":"image","settings":{"image":"shopify:\/\/shop_images\/Fintech_3.jpg","text_position":"middle_right","subheading":"PRODUCT SPOTLIGHT","title":"HEAVY DUTY CANVAS VEST","content":"<p>Fintech Heavy Duty Canvas Vest: When its time to layer up, grab the heavy duty vest to complete your look. This versatile workwear piece features a water resistant coating, sherpa lining and lots of pockets. The 2’ collar and 2’ scooped back will provide extra coverage in the winter months.<\/p>","button_1_text":"shop now","button_1_link":"https:\/\/outdoornation.com\/products\/fintech-mens-heavy-duty-canvas-vest","button_2_text":"","button_2_link":"","text_color":"#ffffff","button_background":"#f06a22","button_text_color":"#ffffff","overlay_color":"#000000","overlay_opacity":30,"section_css_class":"Type your own CSS class"}}},"block_order":["template--16792990843196__12ce47f7-e652-425a-898a-503af86acaea-16688106774f51a1e4-1","template--16792990843196__12ce47f7-e652-425a-898a-503af86acaea-16688106774f51a1e4-0","52a778c7-0073-4f7f-9ef9-00c52aa681ba"],"settings":{"section_height":"auto","transition_type":"sweep","autoplay":true,"cycle_speed":5,"background":"rgba(0,0,0,0)"}},"67f82d96-f962-4cce-89c0-e86517bd2f6b":{"type":"image-with-text","blocks":{"template--16757099594044__67f82d96-f962-4cce-89c0-e86517bd2f6b-1666896284b5bf6042-0":{"type":"item","settings":{"image":"shopify:\/\/shop_images\/Image_21.jpg","tab_label":"Item","subheading":"RUGGED CONSTRUCTION","title":"FORMULATED TO ENDURE","content":"<p>Battle-tested in the arena of outdoor adventure, FinTech knows how to protect you in a harsh environment. Our UV-blocking technology eliminates up to 98% of the sun’s rays, and our moisture wicking fabrics work fast to always keep you cool and dry.<\/p>","button_text":"SHOP ALL","button_link":"shopify:\/\/collections\/fintech"}}},"block_order":["template--16757099594044__67f82d96-f962-4cce-89c0-e86517bd2f6b-1666896284b5bf6042-0"],"settings":{"reveal_on_scroll":true,"background_type":"full_width","background_overlap":"image","image_position":"right","text_alignment":"center","cycle_speed":8,"accent_background":"#1a1818","text_color":"rgba(0,0,0,0)","button_background":"#f06a22","button_text_color":"#ffffff"}},"e17a96a6-6b95-4aa7-97e3-60479952ef09":{"type":"image-with-text-block","settings":{"reveal_on_scroll":true,"image":"shopify:\/\/shop_images\/Group_4846.jpg","subheading":"FOR PEOPLE WHO WANT","title":"PROTECTION AND STYLE AT AN AFFORDABLE PRICE","content":"","button_text":"Shop Now","button_link":"shopify:\/\/collections\/fintech","background_type":"full_width","text_position":"right","text_alignment":"left","text_background":"#1a1818","text_color":"#ffffff","button_background":"#f06a22","button_text_color":"rgba(0,0,0,0)"}},"8e674cd5-f561-4f6d-b08a-07ff6df2f8ab":{"type":"collection-list","blocks":{"template--16792990843196__8e674cd5-f561-4f6d-b08a-07ff6df2f8ab-1668128367f8eaea14-0":{"type":"collection","settings":{"collection":"","image":"shopify:\/\/shop_images\/Group_4875.jpg","subheading":"","title":"sun defender","link_text":"Shop Collection","link_url":"shopify:\/\/collections\/fintech-sun-defender","text_color":"rgba(0,0,0,0)","overlay_color":"#000000","overlay_opacity":30}},"template--16792990843196__8e674cd5-f561-4f6d-b08a-07ff6df2f8ab-1668128367f8eaea14-1":{"type":"collection","settings":{"collection":"","image":"shopify:\/\/shop_images\/Group_4876.jpg","subheading":"","title":"jackets","link_text":"Shop Collection","link_url":"shopify:\/\/collections\/fintech-jackets","text_color":"rgba(0,0,0,0)","overlay_color":"#000000","overlay_opacity":30}},"template--16792990843196__8e674cd5-f561-4f6d-b08a-07ff6df2f8ab-1668128367f8eaea14-2":{"type":"collection","settings":{"collection":"","image":"shopify:\/\/shop_images\/Group_4877.jpg","subheading":"","title":"coastal performance","link_text":"Shop Collection","link_url":"shopify:\/\/collections\/fintech-coastal-performance","text_color":"rgba(0,0,0,0)","overlay_color":"#000000","overlay_opacity":30}}},"block_order":["template--16792990843196__8e674cd5-f561-4f6d-b08a-07ff6df2f8ab-1668128367f8eaea14-0","template--16792990843196__8e674cd5-f561-4f6d-b08a-07ff6df2f8ab-1668128367f8eaea14-1","template--16792990843196__8e674cd5-f561-4f6d-b08a-07ff6df2f8ab-1668128367f8eaea14-2"],"disabled":true,"settings":{"reveal_on_scroll":false,"layout":"grid","subheading":"SHOP","title":"COLLECTIONS","background":"rgba(0,0,0,0)","text_color":"rgba(0,0,0,0)"}},"3cfb6977-61d9-4661-9d2d-ca304a653001":{"type":"text-with-icons","blocks":{"template--16757099594044__3cfb6977-61d9-4661-9d2d-ca304a653001-1666900217c3084c10-0":{"type":"item","settings":{"icon":"picto-box","custom_icon_width":50,"title":"Free shipping","content":"<p>Free U.S. shipping on every order over $75<\/p>"}},"template--16757099594044__3cfb6977-61d9-4661-9d2d-ca304a653001-1666900217c3084c10-1":{"type":"item","settings":{"icon":"picto-phone","custom_icon_width":50,"title":"Customer service","content":"<p>We are available Monday - Friday to answer your questions at (904) 479-2906 <\/p>"}},"template--16757099594044__3cfb6977-61d9-4661-9d2d-ca304a653001-1666900217c3084c10-2":{"type":"item","settings":{"icon":"picto-lock","custom_icon_width":50,"title":"Secure payment","content":"<p>Your payment information is processed securely.<\/p>"}},"template--16757099594044__3cfb6977-61d9-4661-9d2d-ca304a653001-1666900217c3084c10-3":{"type":"item","settings":{"icon":"picto-email","custom_icon_width":50,"title":"Contact us","content":"<p>Need to contact us ? Just send us an e-mail at info@outdoornation.com<\/p>"}}},"block_order":["template--16757099594044__3cfb6977-61d9-4661-9d2d-ca304a653001-1666900217c3084c10-0","template--16757099594044__3cfb6977-61d9-4661-9d2d-ca304a653001-1666900217c3084c10-1","template--16757099594044__3cfb6977-61d9-4661-9d2d-ca304a653001-1666900217c3084c10-2","template--16757099594044__3cfb6977-61d9-4661-9d2d-ca304a653001-1666900217c3084c10-3"],"settings":{"background":"#ffffff","text_color":"#1a1818"}},"47b5e852-7f1d-4c7c-959a-8b3948f81b10":{"type":"newsletter","settings":{"reveal_on_scroll":true,"image":"shopify:\/\/shop_images\/SUBSCRIBE_banner_1_2.jpg","subheading":"JOIN THE NATION","content":"<p>Promotions, new products and sales. <\/p>","text_position":"left","text_alignment":"left","text_background":"rgba(0,0,0,0)","text_color":"rgba(0,0,0,0)","button_background":"#f06a22","button_text_color":"rgba(0,0,0,0)"}}},"order":["main","02c1b158-b35e-4462-ab66-ff7574d77bc7","ea036c0c-e3b4-480f-a5ea-f774bdb39a3f","06dcb84a-98e8-4e5e-b209-cabab5b648bb","091f0bbc-28e3-49cc-83fc-d00889a42b29","630618b2-d4c7-4225-b453-302c6c6b3c36","12ce47f7-e652-425a-898a-503af86acaea","67f82d96-f962-4cce-89c0-e86517bd2f6b","e17a96a6-6b95-4aa7-97e3-60479952ef09","8e674cd5-f561-4f6d-b08a-07ff6df2f8ab","3cfb6977-61d9-4661-9d2d-ca304a653001","47b5e852-7f1d-4c7c-959a-8b3948f81b10"]}