{"sections":{"main":{"type":"main-page","settings":{"show_title":false,"page_width":"large"}},"4f8ffcf4-7793-4733-8c7b-cac9e65f26fb":{"type":"newsletter","settings":{"reveal_on_scroll":true,"image":"shopify:\/\/shop_images\/SUBSCRIBE_banner_1_2.jpg","subheading":"JOIN THE NATION","content":"<p>Promotions, new products and sales. Directly to your inbox.<\/p>","text_position":"left","text_alignment":"left","text_background":"rgba(0,0,0,0)","text_color":"rgba(0,0,0,0)","button_background":"#f06a22","button_text_color":"rgba(0,0,0,0)"}}},"order":["main","4f8ffcf4-7793-4733-8c7b-cac9e65f26fb"]}