{"sections":{"main":{"type":"main-page","disabled":true,"settings":{"show_title":true,"page_width":"medium"}},"af3521b7-d3dc-42a2-a4a1-a9abe31bc9ea":{"type":"collection-list","blocks":{"template--17136093757756__af3521b7-d3dc-42a2-a4a1-a9abe31bc9ea-167001921619e1bac6-0":{"type":"collection","settings":{"collection":"","image":"shopify:\/\/shop_images\/Fishing_6b89794c-deb1-4245-986d-eda4088f3a16.jpg","subheading":"","title":"FISHING","link_text":"SHOP NOW","link_url":"shopify:\/\/collections\/fishing","text_color":"rgba(0,0,0,0)","overlay_color":"#000000","overlay_opacity":30}},"template--17136093757756__af3521b7-d3dc-42a2-a4a1-a9abe31bc9ea-167001921619e1bac6-1":{"type":"collection","settings":{"collection":"","image":"shopify:\/\/shop_images\/nav-beach_6bc284fd-0289-4d7c-9769-6c4dfa19f896.jpg","subheading":"","title":"BEACH","link_text":"SHOP NOW","link_url":"shopify:\/\/collections\/beach","text_color":"rgba(0,0,0,0)","overlay_color":"#000000","overlay_opacity":30}},"template--17136093757756__af3521b7-d3dc-42a2-a4a1-a9abe31bc9ea-167001921619e1bac6-2":{"type":"collection","disabled":true,"settings":{"collection":"","image":"shopify:\/\/shop_images\/Artboard_6_af742626-7bff-40c5-839f-f540b46f20f9.jpg","subheading":"","title":"EXPLORE","link_text":"SHOP NOW","link_url":"shopify:\/\/collections\/explore","text_color":"rgba(0,0,0,0)","overlay_color":"#000000","overlay_opacity":30}},"template--17136093757756__af3521b7-d3dc-42a2-a4a1-a9abe31bc9ea-167001921619e1bac6-3":{"type":"collection","disabled":true,"settings":{"collection":"","image":"shopify:\/\/shop_images\/Off_grid_e6c17e48-25fb-4552-b172-24bd40d4a2c0.jpg","subheading":"","title":"OFF GRID","link_text":"SHOP NOW","link_url":"shopify:\/\/collections\/off-grid","text_color":"rgba(0,0,0,0)","overlay_color":"#000000","overlay_opacity":30}},"template--17136093757756__af3521b7-d3dc-42a2-a4a1-a9abe31bc9ea-167001921619e1bac6-4":{"type":"collection","settings":{"collection":"","image":"shopify:\/\/shop_images\/Nav_Outdoor_edfb04d9-a19f-4b01-89c0-e92b945d6021.jpg","subheading":"","title":"outdoor","link_text":"SHOP NOW","link_url":"shopify:\/\/collections\/outdoor","text_color":"rgba(0,0,0,0)","overlay_color":"#000000","overlay_opacity":30}},"template--17136093757756__af3521b7-d3dc-42a2-a4a1-a9abe31bc9ea-167001921619e1bac6-5":{"type":"collection","settings":{"collection":"","image":"shopify:\/\/shop_images\/Nav_On_Site_acf8cea8-fec6-4d8f-adc9-2aeb21aaff70.jpg","subheading":"","title":"ONSITE","link_text":"SHOP NOW","link_url":"shopify:\/\/collections\/onsite","text_color":"rgba(0,0,0,0)","overlay_color":"#000000","overlay_opacity":30}}},"block_order":["template--17136093757756__af3521b7-d3dc-42a2-a4a1-a9abe31bc9ea-167001921619e1bac6-0","template--17136093757756__af3521b7-d3dc-42a2-a4a1-a9abe31bc9ea-167001921619e1bac6-1","template--17136093757756__af3521b7-d3dc-42a2-a4a1-a9abe31bc9ea-167001921619e1bac6-2","template--17136093757756__af3521b7-d3dc-42a2-a4a1-a9abe31bc9ea-167001921619e1bac6-3","template--17136093757756__af3521b7-d3dc-42a2-a4a1-a9abe31bc9ea-167001921619e1bac6-4","template--17136093757756__af3521b7-d3dc-42a2-a4a1-a9abe31bc9ea-167001921619e1bac6-5"],"settings":{"reveal_on_scroll":false,"layout":"collage","subheading":"SHOP BY","title":"ACTIVITIES","background":"rgba(0,0,0,0)","text_color":"rgba(0,0,0,0)"}},"c935dc7f-64db-4cab-ab65-f18f5cd2a0bd":{"type":"text-with-icons","blocks":{"template--17136093757756__c935dc7f-64db-4cab-ab65-f18f5cd2a0bd-16702124467dffdf14-0":{"type":"item","settings":{"icon":"picto-box","custom_icon_width":50,"title":"Free shipping","content":"<p>Free U.S. shipping on every order over $75<\/p>"}},"template--17136093757756__c935dc7f-64db-4cab-ab65-f18f5cd2a0bd-16702124467dffdf14-1":{"type":"item","settings":{"icon":"picto-phone","custom_icon_width":50,"title":"Customer service","content":"<p>We are available Monday - Friday to answer your questions at (904) 479-2906<\/p>"}},"template--17136093757756__c935dc7f-64db-4cab-ab65-f18f5cd2a0bd-16702124467dffdf14-2":{"type":"item","settings":{"icon":"picto-lock","custom_icon_width":50,"title":"Secure payment","content":"<p>Your payment information is processed securely.<\/p>"}},"template--17136093757756__c935dc7f-64db-4cab-ab65-f18f5cd2a0bd-16702124467dffdf14-3":{"type":"item","settings":{"icon":"picto-email","custom_icon_width":50,"title":"Contact us","content":"<p>Need to contact us ? Just send us an e-mail at info@outdoornation.com<\/p>"}}},"block_order":["template--17136093757756__c935dc7f-64db-4cab-ab65-f18f5cd2a0bd-16702124467dffdf14-0","template--17136093757756__c935dc7f-64db-4cab-ab65-f18f5cd2a0bd-16702124467dffdf14-1","template--17136093757756__c935dc7f-64db-4cab-ab65-f18f5cd2a0bd-16702124467dffdf14-2","template--17136093757756__c935dc7f-64db-4cab-ab65-f18f5cd2a0bd-16702124467dffdf14-3"],"settings":{"background":"#1a1818","text_color":"#ffffff"}},"fcae036c-26a6-4aa0-ae0b-e3536b527eed":{"type":"newsletter","settings":{"reveal_on_scroll":true,"image":"shopify:\/\/shop_images\/SUBSCRIBE_banner_1_2.jpg","subheading":"JOIN THE NATION","content":"<p>Promotions, new products and sales. Directly to your inbox.<\/p>","text_position":"left","text_alignment":"left","text_background":"rgba(0,0,0,0)","text_color":"rgba(0,0,0,0)","button_background":"#f06a22","button_text_color":"rgba(0,0,0,0)"}}},"order":["main","af3521b7-d3dc-42a2-a4a1-a9abe31bc9ea","c935dc7f-64db-4cab-ab65-f18f5cd2a0bd","fcae036c-26a6-4aa0-ae0b-e3536b527eed"]}