{"sections":{"main":{"type":"main-page","disabled":true,"settings":{"show_title":true,"page_width":"medium"}},"46c543aa-7312-4070-8fb5-b2076753b1dd":{"type":"slideshow","blocks":{"template--17681195073852__46c543aa-7312-4070-8fb5-b2076753b1dd-167414478705d5c2d0-0":{"type":"image","settings":{"image":"shopify:\/\/shop_images\/GILLZ-GRAPHIC-BANNER_d5e16a45-771b-4c97-a198-85fccdc5705f.jpg","text_position":"middle_center","subheading":"","title":"","content":"","button_1_text":"","button_1_link":"","button_2_text":"","button_2_link":"","text_color":"#ffffff","button_background":"#ffffff","button_text_color":"#000000","overlay_color":"#000000","overlay_opacity":0,"section_css_class":"Type your own CSS class"}},"template--17681195073852__46c543aa-7312-4070-8fb5-b2076753b1dd-167414478705d5c2d0-1":{"type":"image","disabled":true,"settings":{"text_position":"middle_center","subheading":"Tell your story","title":"Slide 2","content":"<p><\/p>","button_1_text":"","button_1_link":"","button_2_text":"","button_2_link":"","text_color":"#ffffff","button_background":"#ffffff","button_text_color":"#000000","overlay_color":"#000000","overlay_opacity":30,"section_css_class":"Type your own CSS class"}}},"block_order":["template--17681195073852__46c543aa-7312-4070-8fb5-b2076753b1dd-167414478705d5c2d0-0","template--17681195073852__46c543aa-7312-4070-8fb5-b2076753b1dd-167414478705d5c2d0-1"],"settings":{"section_height":"auto","transition_type":"sweep","autoplay":true,"cycle_speed":5,"background":"rgba(0,0,0,0)"}},"d0744a1f-bbf0-4679-8173-995c7275a967":{"type":"custom-html","settings":{"subheading":"","title":"","html":"","add_vertical_spacing":true,"background_type":"full_width","background":"#f5f5f5","text_color":"rgba(0,0,0,0)"}},"ea036c0c-e3b4-480f-a5ea-f774bdb39a3f":{"type":"rich-text","settings":{"subheading":"","title":"INSPIRED BY  NATURE, PERFECTED BY TECHNOLOGY","content":"<p>Delivering unrivaled performance for all your outdoor gear needs, GILLZ GEAR equips you with superior long-sleeve shirts, board shorts, hats and more. GILLZ got its start designing performance fishing shirts with proprietary technology. Our innovative design adds functionality to your outdoor gear, including UPF 50+ UV protection and moisture-wicking fabric. Now one of the best outdoor gear brands available, you can find GILLZ GEAR at a variety of outdoor stores near you. Or shop online now!<\/p>","button_text":"","button_link":"","background_type":"full_width","text_width":"medium","text_position":"center","text_alignment":"center","background":"#f5f5f5","text_color":"#1a1818","button_background":"rgba(0,0,0,0)","button_text_color":"rgba(0,0,0,0)"}},"dd8cbccc-515f-49b7-93ff-37b636afed25":{"type":"custom-html","settings":{"subheading":"","title":"","html":"","add_vertical_spacing":true,"background_type":"full_width","background":"#f5f5f5","text_color":"rgba(0,0,0,0)"}},"8d6c2125-ed4f-45ef-a215-1ee7df4ac26a":{"type":"video","settings":{"subheading":"","title":"","video_url":"https:\/\/www.youtube.com\/watch?v=-HNWG4-nZLI&t=1s","image":"shopify:\/\/shop_images\/GILLZ_30865027-a6a1-4499-9d0e-837a8ad80793.jpg","background_type":"full_width","video_size":"auto","autoplay":false,"background":"rgba(0,0,0,0)","text_color":"#ffffff"}},"50450bb8-bfd5-4c83-99fb-75328070be50":{"type":"featured-collections","disabled":true,"blocks":{"template--16792990875964__50450bb8-bfd5-4c83-99fb-75328070be50-1668120822f2c62ebf-0":{"type":"collection","settings":{"collection":"gillz","label":"","button_text":"Shop Now","button_url":"shopify:\/\/collections\/gillz"}}},"block_order":["template--16792990875964__50450bb8-bfd5-4c83-99fb-75328070be50-1668120822f2c62ebf-0"],"settings":{"subheading":"﻿SHOP","title":"GILLZ NEW ARRIVALS","content":"","products_count":4,"products_per_row":4,"stack_products":true,"show_cta":false,"background":"#ffffff","text_color":"rgba(0,0,0,0)","button_background":"#f06a22","button_text_color":"rgba(0,0,0,0)"}},"091f0bbc-28e3-49cc-83fc-d00889a42b29":{"type":"image-with-text","blocks":{"template--16757099594044__091f0bbc-28e3-49cc-83fc-d00889a42b29-1666896284b5bf6042-0":{"type":"item","settings":{"image":"shopify:\/\/shop_images\/DSC-7.jpg","tab_label":"Item","subheading":"WE ARE","title":"TECHNOLOGY FOCUSED","content":"<p>Whether it’s fishing, hiking or canoeing - being out on an adventure is in our blood. so is our pursuit of technology. we chose to combine the two and make exceptional technical apparel that beats the competition in every way. highly functional, superior performance, and enhanced benefits - these are our truths. we are committed to every innovation that improves the quality of our gear, whether incremental or game-changing. we believe genuine improvement comes when you say no to the charted path.<\/p>","button_text":"","button_link":"shopify:\/\/collections\/gillz"}}},"block_order":["template--16757099594044__091f0bbc-28e3-49cc-83fc-d00889a42b29-1666896284b5bf6042-0"],"settings":{"reveal_on_scroll":true,"background_type":"full_width","background_overlap":"image","image_position":"left","text_alignment":"center","cycle_speed":8,"accent_background":"#1a1818","text_color":"rgba(0,0,0,0)","button_background":"#f06a22","button_text_color":"rgba(0,0,0,0)"}},"c6f24404-a4da-4124-b6cc-ddddb8999ed5":{"type":"slideshow","blocks":{"e8e7d081-0a18-4aef-ba48-e4382523c3ea":{"type":"image","settings":{"image":"shopify:\/\/shop_images\/GILLZ-PRINT-BANNER.jpg","text_position":"middle_left","subheading":"","title":"","content":"","button_1_text":"","button_1_link":"shopify:\/\/products\/gillz-mens-contender-series-uv-hoodie-burnt","button_2_text":"","button_2_link":"","text_color":"#ffffff","button_background":"#f06a22","button_text_color":"#ffffff","overlay_color":"#000000","overlay_opacity":0,"section_css_class":"Type your own CSS class"}},"template--16792990875964__c6f24404-a4da-4124-b6cc-ddddb8999ed5-166810390732733d48-0":{"type":"image","disabled":true,"settings":{"image":"shopify:\/\/shop_images\/GILLZ_2.jpg","text_position":"middle_left","subheading":"PRODUCT SPOTLIGHT","title":"PRO SERIES LONG SLEEVE UV","content":"<p>The Pro Series UV delivers superior performance for the serious athlete. Featuring GILLZTEC proprietary fabric, modified shoulder shaping and one of a kind details make this the perfect gear for the athlete that wants to outlast the competition. Additional benefits to maximize your time outside such as UPF 50+, 360-degree ventilation and cool-to-touch body fabric.<\/p>","button_1_text":"shop now","button_1_link":"","button_2_text":"","button_2_link":"","text_color":"#ffffff","button_background":"#f06a22","button_text_color":"#ffffff","overlay_color":"#000000","overlay_opacity":30,"section_css_class":"Type your own CSS class"}},"template--16792990875964__c6f24404-a4da-4124-b6cc-ddddb8999ed5-166810390732733d48-1":{"type":"image","disabled":true,"settings":{"image":"shopify:\/\/shop_images\/GILLZ_3.jpg","text_position":"middle_right","subheading":"PRODUCT SPOTLIGHT","title":"TOURNAMENT SERIES HOODIE UV","content":"<p>The Tournament series hoodie is the hybrid of a long sleeve performance fishing shirt and lightweight hooded pullover. Its 360-degree ventilation provides breathability even on the hottest days and an extra layer on the cooler days.<\/p>","button_1_text":"shop now","button_1_link":"","button_2_text":"","button_2_link":"","text_color":"#ffffff","button_background":"#f06a22","button_text_color":"#ffffff","overlay_color":"#000000","overlay_opacity":30,"section_css_class":"Type your own CSS class"}},"5a81d2c6-6e95-4e6b-bce0-aea60c81d61d":{"type":"image","disabled":true,"settings":{"text_position":"middle_center","subheading":"Tell your story","title":"Slide title","content":"<p><\/p>","button_1_text":"","button_1_link":"","button_2_text":"","button_2_link":"","text_color":"#ffffff","button_background":"#ffffff","button_text_color":"#000000","overlay_color":"#000000","overlay_opacity":30,"section_css_class":"Type your own CSS class"}}},"block_order":["e8e7d081-0a18-4aef-ba48-e4382523c3ea","template--16792990875964__c6f24404-a4da-4124-b6cc-ddddb8999ed5-166810390732733d48-0","template--16792990875964__c6f24404-a4da-4124-b6cc-ddddb8999ed5-166810390732733d48-1","5a81d2c6-6e95-4e6b-bce0-aea60c81d61d"],"settings":{"section_height":"auto","transition_type":"sweep","autoplay":true,"cycle_speed":5,"background":"rgba(0,0,0,0)"}},"67f82d96-f962-4cce-89c0-e86517bd2f6b":{"type":"image-with-text","blocks":{"template--16757099594044__67f82d96-f962-4cce-89c0-e86517bd2f6b-1666896284b5bf6042-0":{"type":"item","settings":{"image":"shopify:\/\/shop_images\/DSC04389_1.png","tab_label":"Item","subheading":"WE ARE","title":"COMFORT OBSESSED","content":"<p>Yes, we’re fanatical when it comes to venturing outdoors as often as possible. we’re out there from sunup until sundown. to make the experience larger-than-life, you have to be cool, comfortable and protected all day. so, we wear our apparel, test it, and critique it to a very high standard. we obsess over every detail. that’s why gillz technical apparel stands above the rest.<\/p>","button_text":"","button_link":"shopify:\/\/collections\/gillz"}}},"block_order":["template--16757099594044__67f82d96-f962-4cce-89c0-e86517bd2f6b-1666896284b5bf6042-0"],"settings":{"reveal_on_scroll":true,"background_type":"full_width","background_overlap":"image","image_position":"right","text_alignment":"center","cycle_speed":8,"accent_background":"#1a1818","text_color":"rgba(0,0,0,0)","button_background":"#f06a22","button_text_color":"#ffffff"}},"630618b2-d4c7-4225-b453-302c6c6b3c36":{"type":"logo-list","blocks":{"template--16757099594044__630618b2-d4c7-4225-b453-302c6c6b3c36-1666896357757d0f52-0":{"type":"logo","settings":{"logo":"shopify:\/\/shop_images\/GILLZ_GILLZTEC_IC.png","link":""}},"template--16757099594044__630618b2-d4c7-4225-b453-302c6c6b3c36-1666896357757d0f52-1":{"type":"logo","settings":{"logo":"shopify:\/\/shop_images\/GILLZ_Moisture_IC.png","link":""}},"template--16757099594044__630618b2-d4c7-4225-b453-302c6c6b3c36-1666896357757d0f52-2":{"type":"logo","settings":{"logo":"shopify:\/\/shop_images\/GILLZ_Breathable_IC.png","link":""}},"template--16757099594044__630618b2-d4c7-4225-b453-302c6c6b3c36-1666896357757d0f52-3":{"type":"logo","settings":{"logo":"shopify:\/\/shop_images\/GILLZ_UPF50_IC.png","link":""}}},"block_order":["template--16757099594044__630618b2-d4c7-4225-b453-302c6c6b3c36-1666896357757d0f52-0","template--16757099594044__630618b2-d4c7-4225-b453-302c6c6b3c36-1666896357757d0f52-1","template--16757099594044__630618b2-d4c7-4225-b453-302c6c6b3c36-1666896357757d0f52-2","template--16757099594044__630618b2-d4c7-4225-b453-302c6c6b3c36-1666896357757d0f52-3"],"settings":{"reveal_on_scroll":true,"subheading":"GILLZ APPAREL","title":"FEATURES","button_text":"","button_link":"","stack_logos":true,"background":"rgba(0,0,0,0)","text_color":"rgba(0,0,0,0)","button_background":"rgba(0,0,0,0)","button_text_color":"rgba(0,0,0,0)","logo_background":"rgba(0,0,0,0)"}},"5e51c90f-9dd3-4f65-b51e-83615ad7c4c2":{"type":"custom-html","settings":{"subheading":"","title":"DOWNLOAD BRAND GUIDELINES","html":"<div style=\"padding: 40px 0; display: flex; justify-content: space-around; \">\n<a href=\"https:\/\/cdn.shopify.com\/s\/files\/1\/0669\/6425\/9132\/files\/GILLZ-BRAND-ASSETS.zip?v=1675808505\" class=\"button button--primary\" style=\"font-size: 20px; padding: 10px 20px; margin-right: 20px;background: #F06A22\">DOWNLOAD ASSETS<\/a>\n<a href=\"https:\/\/drive.google.com\/drive\/folders\/1P_MBHC5EtLiBzCwV16UOdFBuW0fJgRhO?usp=sharing\" class=\"button button--primary\" style=\"font-size: 20px; padding: 10px 20px; margin-right: 20px; background: #F06A22\">DOWNLOAD MARKETING IMAGES<\/a>\n<a href=\"https:\/\/cdn.shopify.com\/s\/files\/1\/0669\/6425\/9132\/files\/GILLZ_Brand_Book_Guidelines.pdf?v=1675808475\" class=\"button button--primary\" style=\"font-size: 20px;padding: 10px 20px;  background: #F06A22\">DOWNLOAD GUIDELINES<\/a>\n\n<\/div>","add_vertical_spacing":true,"background_type":"full_width","background":"rgba(0,0,0,0)","text_color":"rgba(0,0,0,0)"}},"e17a96a6-6b95-4aa7-97e3-60479952ef09":{"type":"image-with-text-block","disabled":true,"settings":{"reveal_on_scroll":true,"image":"shopify:\/\/shop_images\/DSC02665.png","subheading":"GILLZ IS","title":"BUILT FOR TRAILBLAZERS, DESIGNED IN FLORIDA, TESTED IN THE WILD","content":"","button_text":"Shop Now","button_link":"shopify:\/\/collections\/gillz","background_type":"full_width","text_position":"left","text_alignment":"left","text_background":"#1a1818","text_color":"#ffffff","button_background":"#f06a22","button_text_color":"rgba(0,0,0,0)"}},"b54a6a7e-ec96-4221-a84a-4ce15b9c57ff":{"type":"collection-list","disabled":true,"blocks":{"template--16792990875964__b54a6a7e-ec96-4221-a84a-4ce15b9c57ff-1668103829e6fe85c4-0":{"type":"collection","settings":{"collection":"","image":"shopify:\/\/shop_images\/Group_4881.jpg","subheading":"","title":"PRO SERIES","link_text":"shop collection","link_url":"shopify:\/\/collections\/gillz-pro-series","text_color":"rgba(0,0,0,0)","overlay_color":"#000000","overlay_opacity":30}},"template--16792990875964__b54a6a7e-ec96-4221-a84a-4ce15b9c57ff-1668103829e6fe85c4-1":{"type":"collection","settings":{"collection":"","image":"shopify:\/\/shop_images\/Group_4882.jpg","subheading":"","title":"contender series","link_text":"shop collection","link_url":"shopify:\/\/collections\/gillz-contender-series","text_color":"rgba(0,0,0,0)","overlay_color":"#000000","overlay_opacity":30}},"template--16792990875964__b54a6a7e-ec96-4221-a84a-4ce15b9c57ff-1668103829e6fe85c4-2":{"type":"collection","settings":{"collection":"","image":"shopify:\/\/shop_images\/Group_4883.jpg","subheading":"","title":"TOURNAMENT SERIES","link_text":"Shop collection","link_url":"shopify:\/\/collections\/tournament-series","text_color":"rgba(0,0,0,0)","overlay_color":"#000000","overlay_opacity":30}}},"block_order":["template--16792990875964__b54a6a7e-ec96-4221-a84a-4ce15b9c57ff-1668103829e6fe85c4-0","template--16792990875964__b54a6a7e-ec96-4221-a84a-4ce15b9c57ff-1668103829e6fe85c4-1","template--16792990875964__b54a6a7e-ec96-4221-a84a-4ce15b9c57ff-1668103829e6fe85c4-2"],"settings":{"reveal_on_scroll":false,"layout":"grid","subheading":"EXPLORE OUR","title":"Collections","background":"rgba(0,0,0,0)","text_color":"rgba(0,0,0,0)"}},"3cfb6977-61d9-4661-9d2d-ca304a653001":{"type":"text-with-icons","disabled":true,"blocks":{"template--16757099594044__3cfb6977-61d9-4661-9d2d-ca304a653001-1666900217c3084c10-0":{"type":"item","settings":{"icon":"picto-box","custom_icon_width":50,"title":"Free shipping","content":"<p>Free worldwide shipping and returns - customs and duties taxes included<\/p>"}},"template--16757099594044__3cfb6977-61d9-4661-9d2d-ca304a653001-1666900217c3084c10-1":{"type":"item","settings":{"icon":"picto-phone","custom_icon_width":50,"title":"Customer service","content":"<p>We are available from monday to friday to answer your questions.<\/p>"}},"template--16757099594044__3cfb6977-61d9-4661-9d2d-ca304a653001-1666900217c3084c10-2":{"type":"item","settings":{"icon":"picto-lock","custom_icon_width":50,"title":"Secure payment","content":"<p>Your payment information is processed securely.<\/p>"}},"template--16757099594044__3cfb6977-61d9-4661-9d2d-ca304a653001-1666900217c3084c10-3":{"type":"item","settings":{"icon":"picto-email","custom_icon_width":50,"title":"Contact us","content":"<p>Need to contact us ? Just send us an e-mail at info@yourstore.com<\/p>"}}},"block_order":["template--16757099594044__3cfb6977-61d9-4661-9d2d-ca304a653001-1666900217c3084c10-0","template--16757099594044__3cfb6977-61d9-4661-9d2d-ca304a653001-1666900217c3084c10-1","template--16757099594044__3cfb6977-61d9-4661-9d2d-ca304a653001-1666900217c3084c10-2","template--16757099594044__3cfb6977-61d9-4661-9d2d-ca304a653001-1666900217c3084c10-3"],"settings":{"background":"#1a1818","text_color":"#ffffff"}},"47b5e852-7f1d-4c7c-959a-8b3948f81b10":{"type":"newsletter","settings":{"reveal_on_scroll":true,"image":"shopify:\/\/shop_images\/SUBSCRIBE_banner_1_2.jpg","subheading":"Subscribe to our newsletter","content":"<p>Promotions, new products and sales. <\/p>","text_position":"left","text_alignment":"left","text_background":"rgba(0,0,0,0)","text_color":"rgba(0,0,0,0)","button_background":"#f06a22","button_text_color":"rgba(0,0,0,0)"}}},"order":["main","46c543aa-7312-4070-8fb5-b2076753b1dd","d0744a1f-bbf0-4679-8173-995c7275a967","ea036c0c-e3b4-480f-a5ea-f774bdb39a3f","dd8cbccc-515f-49b7-93ff-37b636afed25","8d6c2125-ed4f-45ef-a215-1ee7df4ac26a","50450bb8-bfd5-4c83-99fb-75328070be50","091f0bbc-28e3-49cc-83fc-d00889a42b29","c6f24404-a4da-4124-b6cc-ddddb8999ed5","67f82d96-f962-4cce-89c0-e86517bd2f6b","630618b2-d4c7-4225-b453-302c6c6b3c36","5e51c90f-9dd3-4f65-b51e-83615ad7c4c2","e17a96a6-6b95-4aa7-97e3-60479952ef09","b54a6a7e-ec96-4221-a84a-4ce15b9c57ff","3cfb6977-61d9-4661-9d2d-ca304a653001","47b5e852-7f1d-4c7c-959a-8b3948f81b10"]}