{"sections":{"main":{"type":"main-page","disabled":true,"settings":{"show_title":true,"page_width":"medium"}},"68461fe3-7fe7-456e-9631-6f65c9fdc120":{"type":"collection-list","blocks":{"template--17153955168572__68461fe3-7fe7-456e-9631-6f65c9fdc120-167019628818cac404-0":{"type":"collection","settings":{"collection":"performance","image":"shopify:\/\/shop_images\/Performance_10e090a0-7aa2-49b5-899c-b7f38afd9175.jpg","subheading":"","title":"PERFORMANCE","link_text":"SHOP NOW","link_url":"shopify:\/\/collections\/performance","text_color":"rgba(0,0,0,0)","overlay_color":"#000000","overlay_opacity":30}},"template--17153955168572__68461fe3-7fe7-456e-9631-6f65c9fdc120-167019628818cac404-1":{"type":"collection","settings":{"collection":"outwear","image":"shopify:\/\/shop_images\/SHORTSLEEVES.jpg","subheading":"","title":"Short Sleeves","link_text":"SHOP NOW","link_url":"shopify:\/\/collections\/all-shortsleeve","text_color":"rgba(0,0,0,0)","overlay_color":"#000000","overlay_opacity":30}},"template--17153955168572__68461fe3-7fe7-456e-9631-6f65c9fdc120-167019628818cac404-2":{"type":"collection","settings":{"collection":"hoodies","image":"shopify:\/\/shop_images\/LONGSLEEVES.jpg","subheading":"","title":"LONG SLEEVES","link_text":"SHOP NOW","link_url":"shopify:\/\/collections\/all-longsleeve","text_color":"rgba(0,0,0,0)","overlay_color":"#000000","overlay_opacity":30}},"template--17153955168572__68461fe3-7fe7-456e-9631-6f65c9fdc120-167019628818cac404-3":{"type":"collection","settings":{"collection":"mens","image":"shopify:\/\/shop_images\/HOODIES_5461cac3-f01e-4c80-9047-fef173e30f6f.jpg","subheading":"","title":"HOODIES","link_text":"SHOP NOW","link_url":"shopify:\/\/collections\/hoodies","text_color":"rgba(0,0,0,0)","overlay_color":"#000000","overlay_opacity":30}}},"block_order":["template--17153955168572__68461fe3-7fe7-456e-9631-6f65c9fdc120-167019628818cac404-0","template--17153955168572__68461fe3-7fe7-456e-9631-6f65c9fdc120-167019628818cac404-1","template--17153955168572__68461fe3-7fe7-456e-9631-6f65c9fdc120-167019628818cac404-2","template--17153955168572__68461fe3-7fe7-456e-9631-6f65c9fdc120-167019628818cac404-3"],"custom_css":["@media screen and (max-width: 500px) {.h4 {font-size: 16px; }}"],"settings":{"reveal_on_scroll":false,"layout":"collage","subheading":"SHOP BY","title":"CATEGORY","background":"rgba(0,0,0,0)","text_color":"rgba(0,0,0,0)"}},"be0c3a9c-0949-47e8-a623-1971af76cd6d":{"type":"collection-list","blocks":{"template--17153955168572__be0c3a9c-0949-47e8-a623-1971af76cd6d-167019628818cac404-0":{"type":"collection","settings":{"collection":"all-graphic-tees","image":"shopify:\/\/shop_images\/JACKETS_4fc48c45-6636-455b-b41e-680478fad851.jpg","subheading":"","title":"JACKETS","link_text":"SHOP NOW","link_url":"shopify:\/\/collections\/jackets","text_color":"rgba(0,0,0,0)","overlay_color":"#000000","overlay_opacity":30}},"template--17153955168572__be0c3a9c-0949-47e8-a623-1971af76cd6d-167019628818cac404-1":{"type":"collection","settings":{"collection":"womens","image":"shopify:\/\/shop_images\/Walkshorts_Boardshorts_Men_98b62aa2-9e84-40c8-bd3b-65ea12e7c5ef.jpg","subheading":"","title":"SHORTS","link_text":"SHOP NOW","link_url":"shopify:\/\/collections\/walkshorts-and-boardshorts","text_color":"rgba(0,0,0,0)","overlay_color":"#000000","overlay_opacity":30}},"template--17153955168572__be0c3a9c-0949-47e8-a623-1971af76cd6d-167019628818cac404-2":{"type":"collection","settings":{"collection":"flannels","image":"shopify:\/\/shop_images\/PANTS.jpg","subheading":"","title":"PANTS","link_text":"SHOP NOW","link_url":"shopify:\/\/collections\/pants","text_color":"rgba(0,0,0,0)","overlay_color":"#000000","overlay_opacity":30}},"template--17153955168572__be0c3a9c-0949-47e8-a623-1971af76cd6d-167019628818cac404-3":{"type":"collection","settings":{"collection":"jackets","image":"shopify:\/\/shop_images\/ACCESSORIES.jpg","subheading":"","title":"ACCESSORIES","link_text":"SHOP NOW","link_url":"shopify:\/\/collections\/accessories","text_color":"rgba(0,0,0,0)","overlay_color":"#000000","overlay_opacity":30}}},"block_order":["template--17153955168572__be0c3a9c-0949-47e8-a623-1971af76cd6d-167019628818cac404-0","template--17153955168572__be0c3a9c-0949-47e8-a623-1971af76cd6d-167019628818cac404-1","template--17153955168572__be0c3a9c-0949-47e8-a623-1971af76cd6d-167019628818cac404-2","template--17153955168572__be0c3a9c-0949-47e8-a623-1971af76cd6d-167019628818cac404-3"],"custom_css":["@media screen and (max-width: 500px) {.h4 {font-size: 16px; }}"],"settings":{"reveal_on_scroll":false,"layout":"collage","subheading":"","title":"","background":"rgba(0,0,0,0)","text_color":"rgba(0,0,0,0)"}},"89552bcb-2ab8-45d1-bfd5-47b927ebd2c2":{"type":"text-with-icons","blocks":{"template--17153955168572__89552bcb-2ab8-45d1-bfd5-47b927ebd2c2-16702132699f8c0914-0":{"type":"item","settings":{"icon":"picto-box","custom_icon_width":50,"title":"Free shipping","content":"<p>Free U.S. shipping on every order over $75<\/p>"}},"template--17153955168572__89552bcb-2ab8-45d1-bfd5-47b927ebd2c2-16702132699f8c0914-1":{"type":"item","settings":{"icon":"picto-phone","custom_icon_width":50,"title":"Customer service","content":"<p>We are available Monday - Friday to answer your questions at (904) 479-2906<\/p>"}},"template--17153955168572__89552bcb-2ab8-45d1-bfd5-47b927ebd2c2-16702132699f8c0914-2":{"type":"item","settings":{"icon":"picto-lock","custom_icon_width":50,"title":"Secure payment","content":"<p>Your payment information is processed securely.<\/p>"}},"template--17153955168572__89552bcb-2ab8-45d1-bfd5-47b927ebd2c2-16702132699f8c0914-3":{"type":"item","settings":{"icon":"picto-email","custom_icon_width":50,"title":"Contact us","content":"<p>Need to contact us ? Just send us an e-mail at info@outdoornation.com<\/p>"}}},"block_order":["template--17153955168572__89552bcb-2ab8-45d1-bfd5-47b927ebd2c2-16702132699f8c0914-0","template--17153955168572__89552bcb-2ab8-45d1-bfd5-47b927ebd2c2-16702132699f8c0914-1","template--17153955168572__89552bcb-2ab8-45d1-bfd5-47b927ebd2c2-16702132699f8c0914-2","template--17153955168572__89552bcb-2ab8-45d1-bfd5-47b927ebd2c2-16702132699f8c0914-3"],"settings":{"background":"#1a1818","text_color":"#ffffff"}},"35c3b7ca-5236-4429-9433-555c26cc0ef3":{"type":"newsletter","settings":{"reveal_on_scroll":true,"image":"shopify:\/\/shop_images\/SUBSCRIBE_banner_1_2.jpg","subheading":"JOIN THE NATION","content":"<p>Promotions, new products and sales. Directly to your inbox.<\/p>","text_position":"left","text_alignment":"left","text_background":"rgba(0,0,0,0)","text_color":"rgba(0,0,0,0)","button_background":"#f06a22","button_text_color":"rgba(0,0,0,0)"}}},"order":["main","68461fe3-7fe7-456e-9631-6f65c9fdc120","be0c3a9c-0949-47e8-a623-1971af76cd6d","89552bcb-2ab8-45d1-bfd5-47b927ebd2c2","35c3b7ca-5236-4429-9433-555c26cc0ef3"]}