{"sections":{"main":{"type":"main-page","disabled":true,"settings":{"show_title":true,"page_width":"medium"}},"e02825bf-07ec-4a8d-a197-ffb135d8cb98":{"type":"slideshow","blocks":{"template--17296018866492__e02825bf-07ec-4a8d-a197-ffb135d8cb98-16741398172111096e-0":{"type":"image","settings":{"image":"shopify:\/\/shop_images\/ON_MAIN-BANNER_SS24-COLOR.jpg","text_position":"middle_center","subheading":"","title":"","content":"","button_1_text":"","button_1_link":"","button_2_text":"","button_2_link":"","text_color":"#ffffff","button_background":"#ffffff","button_text_color":"#000000","overlay_color":"#000000","overlay_opacity":0,"section_css_class":"Type your own CSS class"}},"template--17296018866492__e02825bf-07ec-4a8d-a197-ffb135d8cb98-16741398172111096e-1":{"type":"image","settings":{"image":"shopify:\/\/shop_images\/Banner_Ecoborn_2.jpg","text_position":"middle_center","subheading":"","title":"","content":"","button_1_text":"","button_1_link":"","button_2_text":"","button_2_link":"","text_color":"#ffffff","button_background":"#ffffff","button_text_color":"#000000","overlay_color":"#000000","overlay_opacity":0,"section_css_class":"Type your own CSS class"}},"dbe1c660-785d-4ac0-b9e4-643612aaa910":{"type":"image","settings":{"image":"shopify:\/\/shop_images\/Group_15185_2.jpg","text_position":"middle_center","subheading":"","title":"","content":"","button_1_text":"","button_1_link":"","button_2_text":"","button_2_link":"","text_color":"#ffffff","button_background":"#ffffff","button_text_color":"#000000","overlay_color":"#000000","overlay_opacity":0,"section_css_class":"Type your own CSS class"}},"9ddd930e-2de8-49ce-bd25-2919d61bfeb1":{"type":"image","disabled":true,"settings":{"image":"shopify:\/\/shop_images\/TERRAX_BANNER.jpg","text_position":"middle_center","subheading":"","title":"","content":"","button_1_text":"","button_1_link":"","button_2_text":"","button_2_link":"","text_color":"#ffffff","button_background":"#ffffff","button_text_color":"#000000","overlay_color":"#000000","overlay_opacity":0,"section_css_class":"Type your own CSS class"}}},"block_order":["template--17296018866492__e02825bf-07ec-4a8d-a197-ffb135d8cb98-16741398172111096e-0","template--17296018866492__e02825bf-07ec-4a8d-a197-ffb135d8cb98-16741398172111096e-1","dbe1c660-785d-4ac0-b9e4-643612aaa910","9ddd930e-2de8-49ce-bd25-2919d61bfeb1"],"settings":{"section_height":"auto","transition_type":"sweep","autoplay":true,"cycle_speed":5,"background":"rgba(0,0,0,0)"}},"24f0faaa-f575-4fc7-b982-8b6df3b56a3f":{"type":"custom-html","disabled":true,"settings":{"subheading":"","title":"","html":"<div style=\"display: flex; flex-direction: column; align-items:center\">\n<img src=\"https:\/\/cdn.shopify.com\/s\/files\/1\/0669\/6425\/9132\/files\/adventure-plus-logo-01.svg?v=1675290988\" width=\"500px\" style=\"0 auto\">\n<p style=\"text-align: center; max-width:800px;\">THIS COLLECTION WAS DESIGNED TO INVIGORATE THE EXPLORER WITHIN ALL OF US. IF YOUR JOURNEY INVOLVES HEADING OUT FOR A DAY ON THE WATER, AN ADVENTURE IN THE WILD OR JUST LOOKING TO BE ACTIVE THEN WE GOT YOU COVERED. WE HAVE CREATED A WIDE RANGE OF GEAR THAT WILL ACCELERATE YOUR PERFORMANCE AT EVERY TURN.  <\/p>\n<\/div>","add_vertical_spacing":true,"background_type":"full_width","background":"rgba(0,0,0,0)","text_color":"rgba(0,0,0,0)"}},"55bc1538-4240-4549-b3f3-01922957b695":{"type":"image-with-text","blocks":{"template--17296018866492__55bc1538-4240-4549-b3f3-01922957b695-1674591436e4c36af7-0":{"type":"item","settings":{"image":"shopify:\/\/shop_images\/hydromax-story-1.jpg","tab_label":"","subheading":"","title":"","logo_image":"shopify:\/\/shop_images\/hydromax.jpg","content":"<p>THIS COLLECTION IS BUILT TO PROTECT AGAINST THE SUN AND MAXIMIZE PERFORMANCE ON AND OFF THE WATER. KEY COMPETITIVE ADVANTAGES INCLUDE QUICK DRY, 4-WAY STRETCH, RECYCLED FABRICS, ADVANCED POCKETING SOLUTIONS AND BONDED SEAMS. GRAB A SAMPLE AND SEE WHY OUR CONSTRUCTION, FIT AND FABRICATION PROVIDE THE PERFECT COMBINATION OF PERFORMANCE AND COMFORT.<\/p>","button_text":"","button_link":""}},"cd956e0c-cb8e-4c7b-b579-dc094606ea63":{"type":"item","settings":{"image":"shopify:\/\/shop_images\/hydromax-story-2.jpg","tab_label":"","subheading":"","title":"","logo_image":"shopify:\/\/shop_images\/hydromax.jpg","content":"<p>THIS COLLECTION IS BUILT TO PROTECT AGAINST THE SUN AND MAXIMIZE PERFORMANCE ON AND OFF THE WATER. KEY COMPETITIVE ADVANTAGES INCLUDE QUICK DRY, 4-WAY STRETCH, RECYCLED FABRICS, ADVANCED POCKETING SOLUTIONS AND BONDED SEAMS. GRAB A SAMPLE AND SEE WHY OUR CONSTRUCTION, FIT AND FABRICATION PROVIDE THE PERFECT COMBINATION OF PERFORMANCE AND COMFORT.<\/p>","button_text":"","button_link":""}}},"block_order":["template--17296018866492__55bc1538-4240-4549-b3f3-01922957b695-1674591436e4c36af7-0","cd956e0c-cb8e-4c7b-b579-dc094606ea63"],"settings":{"reveal_on_scroll":true,"background_type":"full_width","background_overlap":"image","image_position":"left","text_alignment":"center","cycle_speed":8,"accent_background":"#1a1818","text_color":"rgba(0,0,0,0)","button_background":"rgba(0,0,0,0)","button_text_color":"rgba(0,0,0,0)"}},"7f907e05-b21e-4556-bb5e-cf2cbff986c3":{"type":"featured-collections","blocks":{"template--17296018866492__7f907e05-b21e-4556-bb5e-cf2cbff986c3-16747470519d62c915-0":{"type":"collection","settings":{"collection":"hydrox-wholesale","label":"","button_text":"View More","button_url":"shopify:\/\/collections\/hydrox-wholesale"}}},"block_order":["template--17296018866492__7f907e05-b21e-4556-bb5e-cf2cbff986c3-16747470519d62c915-0"],"settings":{"subheading":"","title":"","content":"","products_count":4,"products_per_row":4,"stack_products":false,"show_cta":false,"background":"rgba(0,0,0,0)","text_color":"rgba(0,0,0,0)","button_background":"rgba(0,0,0,0)","button_text_color":"rgba(0,0,0,0)"}},"f9ec1feb-eba5-4077-a626-256e5950dbf6":{"type":"image-with-text","disabled":true,"blocks":{"template--16941939294524__f9ec1feb-eba5-4077-a626-256e5950dbf6-16683918110c2eee05-0":{"type":"item","settings":{"image":"shopify:\/\/shop_images\/TERRA-X-BANNER_2.png","tab_label":"Item","subheading":"OUTDOOR NATION","title":"Where Nature Rules","content":"<p>Created by passionate enthusiasts of the outdoor lifestyle, Outdoor Nation exists to fuel your next adventure. Our apparel is designed to help you keep doing the things you love longer, and our collections feature some of best UV sun protection available, along with technology innovations, superior fabrics and modern design styling. We offer hard-core performance wear for serious anglers and durable outdoor wear for the trades and professions that spend all day in the elements. <\/p><p>In addition, Outdoor Nation is home to some of the best beach and boat wear for casual outings, as well as edgy, nature-inspired modern fashion that makes a statement. We are your one-stop outdoor apparel store for all your nature-inspired activities. Welcome to Outdoor Nation, where adventure is sovereign territory and nature rules.  <\/p>","button_text":"Order Now","button_link":"shopify:\/\/collections\/order-form"}}},"block_order":["template--16941939294524__f9ec1feb-eba5-4077-a626-256e5950dbf6-16683918110c2eee05-0"],"settings":{"reveal_on_scroll":true,"background_type":"full_width","background_overlap":"image","image_position":"right","text_alignment":"center","cycle_speed":8,"accent_background":"#1a1818","text_color":"rgba(0,0,0,0)","button_background":"rgba(0,0,0,0)","button_text_color":"rgba(0,0,0,0)"}},"f1b4b180-35de-4a39-9bf5-d4304930eb3e":{"type":"custom-html","disabled":true,"settings":{"subheading":"","title":"","html":"<div style=\"display: flex; flex-direction: column; align-items:center\">\n<img src=\"https:\/\/cdn.shopify.com\/s\/files\/1\/0669\/6425\/9132\/files\/monterey-bamboo-logo-01.svg?v=1675290988\" width=\"550px\">\n<p style=\"text-align: center; max-width:800px;\">THIS COLLECTION WAS DESIGNED TO INVIGORATE THE EXPLORER WITHIN ALL OF US. IF YOUR JOURNEY INVOLVES HEADING OUT FOR A DAY ON THE WATER, AN ADVENTURE IN THE WILD OR JUST LOOKING TO BE ACTIVE THEN WE GOT YOU COVERED. WE HAVE CREATED A WIDE RANGE OF GEAR THAT WILL ACCELERATE YOUR PERFORMANCE AT EVERY TURN.  <\/p>\n<\/div>","add_vertical_spacing":true,"background_type":"full_width","background":"rgba(0,0,0,0)","text_color":"rgba(0,0,0,0)"}},"c6f7aec0-b1bc-4573-8e20-c3fe56fa2578":{"type":"image-with-text","blocks":{"template--17296018866492__c6f7aec0-b1bc-4573-8e20-c3fe56fa2578-1674591436e4c36af7-0":{"type":"item","settings":{"image":"shopify:\/\/shop_images\/av-plus-story-1.jpg","tab_label":"","subheading":"","title":"","logo_image":"shopify:\/\/shop_images\/adventure-plus-logo.png","content":"<p>THIS COLLECTION WAS DESIGNED TO INVIGORATE THE EXPLORER WITHIN ALL OF US. IF YOUR JOURNEY INVOLVES HEADING OUT FOR A DAY ON THE WATER, AN ADVENTURE IN THE WILD OR JUST LOOKING TO BE ACTIVE THEN WE GOT YOU COVERED. WE HAVE CREATED A WIDE RANGE OF GEAR THAT WILL ACCELERATE YOUR PERFORMANCE AT EVERY TURN.<\/p>","button_text":"","button_link":""}},"63437d28-87b7-4b36-9eac-7de205504cee":{"type":"item","settings":{"image":"shopify:\/\/shop_images\/av-plus-story-2.jpg","tab_label":"","subheading":"","title":"","logo_image":"shopify:\/\/shop_images\/adventure-plus-logo.png","content":"<p>THIS COLLECTION WAS DESIGNED TO INVIGORATE THE EXPLORER WITHIN ALL OF US. IF YOUR JOURNEY INVOLVES HEADING OUT FOR A DAY ON THE WATER, AN ADVENTURE IN THE WILD OR JUST LOOKING TO BE ACTIVE THEN WE GOT YOU COVERED. WE HAVE CREATED A WIDE RANGE OF GEAR THAT WILL ACCELERATE YOUR PERFORMANCE AT EVERY TURN.<\/p>","button_text":"","button_link":""}}},"block_order":["template--17296018866492__c6f7aec0-b1bc-4573-8e20-c3fe56fa2578-1674591436e4c36af7-0","63437d28-87b7-4b36-9eac-7de205504cee"],"settings":{"reveal_on_scroll":true,"background_type":"full_width","background_overlap":"image","image_position":"right","text_alignment":"center","cycle_speed":8,"accent_background":"#1a1818","text_color":"#1a1818","button_background":"rgba(0,0,0,0)","button_text_color":"rgba(0,0,0,0)"}},"a8b8aa59-a9d2-4e9c-9fa5-705e2751526a":{"type":"featured-collections","blocks":{"template--17296018866492__a8b8aa59-a9d2-4e9c-9fa5-705e2751526a-16747470519d62c915-0":{"type":"collection","settings":{"collection":"adventure-wholesale","label":"","button_text":"View More","button_url":"shopify:\/\/collections\/adventure-wholesale"}}},"block_order":["template--17296018866492__a8b8aa59-a9d2-4e9c-9fa5-705e2751526a-16747470519d62c915-0"],"settings":{"subheading":"","title":"","content":"","products_count":4,"products_per_row":4,"stack_products":false,"show_cta":false,"background":"rgba(0,0,0,0)","text_color":"rgba(0,0,0,0)","button_background":"rgba(0,0,0,0)","button_text_color":"rgba(0,0,0,0)"}},"5b7de914-d1b3-4e59-a645-bcece50409b1":{"type":"image-with-text","blocks":{"template--17296018866492__5b7de914-d1b3-4e59-a645-bcece50409b1-1674591436e4c36af7-0":{"type":"item","settings":{"image":"shopify:\/\/shop_images\/bamboo-story-1.jpg","tab_label":"","subheading":"","title":"","logo_image":"shopify:\/\/shop_images\/monterey-bamboo-logo.png","content":"<p>THIS COLLECTION WAS DESIGNED TO INVIGORATE THE EXPLORER WITHIN ALL OF US. IF YOUR JOURNEY INVOLVES HEADING OUT FOR A DAY ON THE WATER, AN ADVENTURE IN THE WILD OR JUST LOOKING TO BE ACTIVE THEN WE GOT YOU COVERED. WE HAVE CREATED A WIDE RANGE OF GEAR THAT WILL ACCELERATE YOUR PERFORMANCE AT EVERY TURN.<\/p>","button_text":"","button_link":""}},"658d46cc-732f-49d7-8431-dc52f829a8c3":{"type":"item","settings":{"image":"shopify:\/\/shop_images\/bamboo-story-2.jpg","tab_label":"","subheading":"","title":"","logo_image":"shopify:\/\/shop_images\/monterey-bamboo-logo.png","content":"<p>THIS COLLECTION WAS DESIGNED TO INVIGORATE THE EXPLORER WITHIN ALL OF US. IF YOUR JOURNEY INVOLVES HEADING OUT FOR A DAY ON THE WATER, AN ADVENTURE IN THE WILD OR JUST LOOKING TO BE ACTIVE THEN WE GOT YOU COVERED. WE HAVE CREATED A WIDE RANGE OF GEAR THAT WILL ACCELERATE YOUR PERFORMANCE AT EVERY TURN.<\/p>","button_text":"","button_link":""}}},"block_order":["template--17296018866492__5b7de914-d1b3-4e59-a645-bcece50409b1-1674591436e4c36af7-0","658d46cc-732f-49d7-8431-dc52f829a8c3"],"settings":{"reveal_on_scroll":true,"background_type":"full_width","background_overlap":"image","image_position":"left","text_alignment":"center","cycle_speed":8,"accent_background":"#1a1818","text_color":"rgba(0,0,0,0)","button_background":"rgba(0,0,0,0)","button_text_color":"rgba(0,0,0,0)"}},"142b1a60-2383-41da-95fb-ff1a6a61b2dd":{"type":"featured-collections","blocks":{"template--17296018866492__142b1a60-2383-41da-95fb-ff1a6a61b2dd-16747470519d62c915-0":{"type":"collection","settings":{"collection":"bamboo-wholesale","label":"","button_text":"View More","button_url":"shopify:\/\/collections\/bamboo-wholesale"}}},"block_order":["template--17296018866492__142b1a60-2383-41da-95fb-ff1a6a61b2dd-16747470519d62c915-0"],"settings":{"subheading":"","title":"","content":"","products_count":4,"products_per_row":4,"stack_products":false,"show_cta":false,"background":"rgba(0,0,0,0)","text_color":"rgba(0,0,0,0)","button_background":"rgba(0,0,0,0)","button_text_color":"rgba(0,0,0,0)"}},"fc9e4fde-3417-41a4-aed4-7bdeadcbc4c1":{"type":"custom-html","disabled":true,"settings":{"subheading":"","title":"","html":"<div style=\"display: flex; flex-direction: column; align-items:center\">\n<img src=\"https:\/\/cdn.shopify.com\/s\/files\/1\/0669\/6425\/9132\/files\/hydromax-logo-01.svg?v=1675290988\" width=\"500px\"><p style=\"text-align: center; max-width:800px;\">THIS COLLECTION IS BUILT TO PROTECT AGAINST THE SUN AND MAXIMIZE PERFORMANCE ON AND OFF THE WATER. KEY COMPETITIVE ADVANTAGES INCLUDE QUICK DRY, 4-WAY STRETCH, RECYCLED FABRICS, ADVANCED POCKETING SOLUTIONS AND BONDED SEAMS. GRAB A SAMPLE AND SEE WHY OUR CONSTRUCTION, FIT AND FABRICATION PROVIDE THE PERFECT COMBINATION OF PERFORMANCE AND COMFORT.<\/p>\n<\/div>","add_vertical_spacing":true,"background_type":"full_width","background":"rgba(0,0,0,0)","text_color":"rgba(0,0,0,0)"}},"70dc7e44-3683-4f27-9dfa-993003d36904":{"type":"newsletter","settings":{"reveal_on_scroll":true,"image":"shopify:\/\/shop_images\/SUBSCRIBE_banner_1_2.jpg","subheading":"Subscribe to our newsletter","content":"<p>Promotions, new products and sales. Directly to your inbox.<\/p>","text_position":"left","text_alignment":"left","text_background":"rgba(0,0,0,0)","text_color":"rgba(0,0,0,0)","button_background":"#f06a22","button_text_color":"rgba(0,0,0,0)"}}},"order":["main","e02825bf-07ec-4a8d-a197-ffb135d8cb98","24f0faaa-f575-4fc7-b982-8b6df3b56a3f","55bc1538-4240-4549-b3f3-01922957b695","7f907e05-b21e-4556-bb5e-cf2cbff986c3","f9ec1feb-eba5-4077-a626-256e5950dbf6","f1b4b180-35de-4a39-9bf5-d4304930eb3e","c6f7aec0-b1bc-4573-8e20-c3fe56fa2578","a8b8aa59-a9d2-4e9c-9fa5-705e2751526a","5b7de914-d1b3-4e59-a645-bcece50409b1","142b1a60-2383-41da-95fb-ff1a6a61b2dd","fc9e4fde-3417-41a4-aed4-7bdeadcbc4c1","70dc7e44-3683-4f27-9dfa-993003d36904"]}