{"sections":{"main":{"type":"main-page","settings":{"show_title":false,"page_width":"medium"}},"fb0945f3-e252-4cc6-a44e-d5097bcd9bdd":{"type":"image-with-text","blocks":{"template--16952701714748__fb0945f3-e252-4cc6-a44e-d5097bcd9bdd-1668524193cf23e742-0":{"type":"item","settings":{"image":"shopify:\/\/shop_images\/fintech-guy.jpg","tab_label":"Item","subheading":"Subheading","title":"Image with text","content":"<p>Use image with text to give your customers insight into your brand. Select imagery and text that relates to your style and story.<\/p>","button_text":"","button_link":""}}},"block_order":["template--16952701714748__fb0945f3-e252-4cc6-a44e-d5097bcd9bdd-1668524193cf23e742-0"],"settings":{"reveal_on_scroll":true,"background_type":"full_width","background_overlap":"text","image_position":"right","text_alignment":"center","cycle_speed":7,"accent_background":"#d7d7d7","text_color":"rgba(0,0,0,0)","button_background":"rgba(0,0,0,0)","button_text_color":"rgba(0,0,0,0)"}},"6e10894d-617b-46b3-a766-9a094bee71aa":{"type":"rich-text","settings":{"subheading":"","title":"Talk about your brand","content":"<p>Use this text to share information about your brand with your customers. Describe a product, share announcements, or welcome customers to your store.<\/p><p>Lorem ipsum dolor sit amet, consectetuer adipiscing elit. Phasellus hendrerit. Pellentesque aliquet nibh nec urna. In nisi neque, aliquet vel, dapibus id, mattis vel, nisi. Sed pretium, ligula sollicitudin laoreet viverra, tortor libero sodales leo, eget blandit nunc tortor eu nibh. Nullam mollis. Ut justo. Suspendisse potenti.<\/p><p>Sed egestas, ante et vulputate volutpat, eros pede semper est, vitae luctus metus libero eu augue. Morbi purus libero, faucibus adipiscing, commodo quis, gravida id, est. Sed lectus. Praesent elementum hendrerit tortor. Sed semper lorem at felis. Vestibulum volutpat, lacus a ultrices sagittis, mi neque euismod dui, eu pulvinar nunc sapien ornare nisl. Phasellus pede arcu, dapibus eu, fermentum et, dapibus sed, urna.<\/p>","button_text":"","button_link":"","background_type":"full_width","text_width":"medium","text_position":"center","text_alignment":"left","background":"rgba(0,0,0,0)","text_color":"rgba(0,0,0,0)","button_background":"rgba(0,0,0,0)","button_text_color":"rgba(0,0,0,0)"}},"19a2546c-f7cb-4f3d-9d10-a06ad3d88c86":{"type":"collection-list","blocks":{"template--16952701714748__19a2546c-f7cb-4f3d-9d10-a06ad3d88c86-1670213882a19adbdc-0":{"type":"collection","settings":{"collection":"","image":"shopify:\/\/shop_images\/2P5A3688_9724f51b-2b51-4c54-8efe-3d0c9e29e8a2.jpg","subheading":"","title":"","link_text":"","link_url":"","text_color":"rgba(0,0,0,0)","overlay_color":"#000000","overlay_opacity":30}},"template--16952701714748__19a2546c-f7cb-4f3d-9d10-a06ad3d88c86-1670213882a19adbdc-1":{"type":"collection","settings":{"collection":"","image":"shopify:\/\/shop_images\/2P5A3730_1_0336a538-f96a-4767-b1ff-e43bb76e66e4.jpg","subheading":"","title":"","link_text":"","link_url":"","text_color":"rgba(0,0,0,0)","overlay_color":"#000000","overlay_opacity":30}},"template--16952701714748__19a2546c-f7cb-4f3d-9d10-a06ad3d88c86-1670213882a19adbdc-2":{"type":"collection","settings":{"collection":"","image":"shopify:\/\/shop_images\/582A9125_fd844862-63b3-48de-b5ab-fb77be82aac4.jpg","subheading":"","title":"","link_text":"","link_url":"","text_color":"rgba(0,0,0,0)","overlay_color":"#000000","overlay_opacity":30}},"template--16952701714748__19a2546c-f7cb-4f3d-9d10-a06ad3d88c86-1670213882a19adbdc-3":{"type":"collection","settings":{"collection":"","image":"shopify:\/\/shop_images\/2P5A4723_04406c01-11ff-474d-a150-7854b6a9a8d6.jpg","subheading":"","title":"","link_text":"","link_url":"","text_color":"rgba(0,0,0,0)","overlay_color":"#000000","overlay_opacity":30}},"template--16952701714748__19a2546c-f7cb-4f3d-9d10-a06ad3d88c86-1670213882a19adbdc-4":{"type":"collection","disabled":true,"settings":{"collection":"","subheading":"","title":"","link_text":"","link_url":"","text_color":"rgba(0,0,0,0)","overlay_color":"#000000","overlay_opacity":30}},"template--16952701714748__19a2546c-f7cb-4f3d-9d10-a06ad3d88c86-1670213882a19adbdc-5":{"type":"collection","disabled":true,"settings":{"collection":"","subheading":"","title":"","link_text":"","link_url":"","text_color":"rgba(0,0,0,0)","overlay_color":"#000000","overlay_opacity":30}}},"block_order":["template--16952701714748__19a2546c-f7cb-4f3d-9d10-a06ad3d88c86-1670213882a19adbdc-0","template--16952701714748__19a2546c-f7cb-4f3d-9d10-a06ad3d88c86-1670213882a19adbdc-1","template--16952701714748__19a2546c-f7cb-4f3d-9d10-a06ad3d88c86-1670213882a19adbdc-2","template--16952701714748__19a2546c-f7cb-4f3d-9d10-a06ad3d88c86-1670213882a19adbdc-3","template--16952701714748__19a2546c-f7cb-4f3d-9d10-a06ad3d88c86-1670213882a19adbdc-4","template--16952701714748__19a2546c-f7cb-4f3d-9d10-a06ad3d88c86-1670213882a19adbdc-5"],"settings":{"reveal_on_scroll":false,"layout":"collage","subheading":"","title":"","background":"rgba(0,0,0,0)","text_color":"rgba(0,0,0,0)"}},"f249472b-10d6-4b16-b24a-3da2c4373fbf":{"type":"featured-collections","blocks":{"template--16952701714748__f249472b-10d6-4b16-b24a-3da2c4373fbf-167021388252c0163d-0":{"type":"collection","settings":{"collection":"gillz-performance-shirts","label":"","button_text":"","button_url":""}}},"block_order":["template--16952701714748__f249472b-10d6-4b16-b24a-3da2c4373fbf-167021388252c0163d-0"],"settings":{"subheading":"SHOP","title":"MACKO SELECTION","content":"","products_count":4,"products_per_row":4,"stack_products":true,"show_cta":true,"background":"rgba(0,0,0,0)","text_color":"rgba(0,0,0,0)","button_background":"#f06a22","button_text_color":"rgba(0,0,0,0)"}},"83766eb2-38d8-4336-a61d-1e990115c42a":{"type":"collection-list","blocks":{"template--16952701714748__83766eb2-38d8-4336-a61d-1e990115c42a-166846324705288bd0-0":{"type":"collection","settings":{"collection":"","image":"shopify:\/\/shop_images\/Group_4881.jpg","subheading":"","title":"PRO SERIES","link_text":"","link_url":"","text_color":"rgba(0,0,0,0)","overlay_color":"#000000","overlay_opacity":0}},"template--16952701714748__83766eb2-38d8-4336-a61d-1e990115c42a-166846324705288bd0-1":{"type":"collection","settings":{"collection":"","image":"shopify:\/\/shop_images\/Group_4882.jpg","subheading":"","title":"CONTENDER SERIES","link_text":"","link_url":"","text_color":"rgba(0,0,0,0)","overlay_color":"#000000","overlay_opacity":0}},"template--16952701714748__83766eb2-38d8-4336-a61d-1e990115c42a-166846324705288bd0-2":{"type":"collection","settings":{"collection":"","image":"shopify:\/\/shop_images\/Group_4883.jpg","subheading":"","title":"TOURNAMENT SERIES","link_text":"","link_url":"","text_color":"rgba(0,0,0,0)","overlay_color":"#000000","overlay_opacity":0}}},"block_order":["template--16952701714748__83766eb2-38d8-4336-a61d-1e990115c42a-166846324705288bd0-0","template--16952701714748__83766eb2-38d8-4336-a61d-1e990115c42a-166846324705288bd0-1","template--16952701714748__83766eb2-38d8-4336-a61d-1e990115c42a-166846324705288bd0-2"],"settings":{"reveal_on_scroll":false,"layout":"grid","subheading":"EXPLORE","title":"OUR COLLECTIONS","background":"rgba(0,0,0,0)","text_color":"rgba(0,0,0,0)"}},"6644b2e1-49f0-42e5-85c9-f6bddfb09b80":{"type":"text-with-icons","blocks":{"template--16952701714748__6644b2e1-49f0-42e5-85c9-f6bddfb09b80-166846355461e0f4a6-0":{"type":"item","settings":{"icon":"picto-box","custom_icon_width":50,"title":"Free shipping","content":"<p>Free U.S. shipping on every order over $75<\/p>"}},"template--16952701714748__6644b2e1-49f0-42e5-85c9-f6bddfb09b80-166846355461e0f4a6-1":{"type":"item","settings":{"icon":"picto-phone","custom_icon_width":50,"title":"Customer service","content":"<p>We are available from Monday to Friday to answer your questions at (904) 479-2906<\/p>"}},"template--16952701714748__6644b2e1-49f0-42e5-85c9-f6bddfb09b80-166846355461e0f4a6-2":{"type":"item","settings":{"icon":"picto-lock","custom_icon_width":50,"title":"Secure payment","content":"<p>Your payment information is processed securely.<\/p>"}},"template--16952701714748__6644b2e1-49f0-42e5-85c9-f6bddfb09b80-166846355461e0f4a6-3":{"type":"item","settings":{"icon":"picto-email","custom_icon_width":50,"title":"Contact us","content":"<p>Need to contact us ? Just send us an e-mail at info@outdoornation.com<\/p>"}}},"block_order":["template--16952701714748__6644b2e1-49f0-42e5-85c9-f6bddfb09b80-166846355461e0f4a6-0","template--16952701714748__6644b2e1-49f0-42e5-85c9-f6bddfb09b80-166846355461e0f4a6-1","template--16952701714748__6644b2e1-49f0-42e5-85c9-f6bddfb09b80-166846355461e0f4a6-2","template--16952701714748__6644b2e1-49f0-42e5-85c9-f6bddfb09b80-166846355461e0f4a6-3"],"settings":{"background":"#1a1818","text_color":"#ffffff"}},"be8d767f-6fde-45a2-b868-3ab9e417dd78":{"type":"newsletter","settings":{"reveal_on_scroll":true,"image":"shopify:\/\/shop_images\/SUBSCRIBE_banner_1_2.jpg","subheading":"JOIN THE NATION","content":"<p>Promotions, new products and sales. Directly to your inbox.<\/p>","text_position":"left","text_alignment":"left","text_background":"rgba(0,0,0,0)","text_color":"rgba(0,0,0,0)","button_background":"#f06a22","button_text_color":"rgba(0,0,0,0)"}}},"order":["main","fb0945f3-e252-4cc6-a44e-d5097bcd9bdd","6e10894d-617b-46b3-a766-9a094bee71aa","19a2546c-f7cb-4f3d-9d10-a06ad3d88c86","f249472b-10d6-4b16-b24a-3da2c4373fbf","83766eb2-38d8-4336-a61d-1e990115c42a","6644b2e1-49f0-42e5-85c9-f6bddfb09b80","be8d767f-6fde-45a2-b868-3ab9e417dd78"]}