{"sections":{"main":{"type":"main-page","disabled":true,"settings":{"show_title":true,"page_width":"medium"}},"69be5f6d-d476-4aea-b908-a0fdd6917bce":{"type":"image-with-text-overlay","settings":{"reveal_on_scroll":true,"section_height":"auto","subheading":"","title":"","content":"","button_text":"","button_link":"","link_style":"link","background_type":"full_width","text_width":"medium","text_position":"middle_center","text_color":"#ffffff","button_background":"#ffffff","button_text_color":"#000000","overlay_color":"#000000","overlay_opacity":30}},"ea036c0c-e3b4-480f-a5ea-f774bdb39a3f":{"type":"rich-text","settings":{"subheading":"","title":"AUTHENTICALLY AUTHENTIC","content":"<p>We’re anglers, hikers, adventure seekers, and outdoorsmen. we’re from all walks of life, all with a love of being among nature in all its breathtaking wonder. designed in Florida, our gear is the gear we want to wear. it’s the apparel that helps us perform and feel our best.<\/p>","button_text":"","button_link":"","background_type":"full_width","text_width":"medium","text_position":"center","text_alignment":"center","background":"#1a1818","text_color":"#ffffff","button_background":"rgba(0,0,0,0)","button_text_color":"rgba(0,0,0,0)"}},"a1cef1a8-1dfa-44ad-8375-53db08ea54f5":{"type":"featured-collections","blocks":{"template--16757099594044__a1cef1a8-1dfa-44ad-8375-53db08ea54f5-166689628404044596-0":{"type":"collection","settings":{"collection":"","label":"","button_text":"","button_url":""}}},"block_order":["template--16757099594044__a1cef1a8-1dfa-44ad-8375-53db08ea54f5-166689628404044596-0"],"settings":{"subheading":"Subheading","title":"New arrivals","content":"","products_count":4,"products_per_row":4,"stack_products":true,"show_cta":false,"background":"rgba(0,0,0,0)","text_color":"rgba(0,0,0,0)","button_background":"rgba(0,0,0,0)","button_text_color":"rgba(0,0,0,0)"}},"091f0bbc-28e3-49cc-83fc-d00889a42b29":{"type":"image-with-text","blocks":{"template--16757099594044__091f0bbc-28e3-49cc-83fc-d00889a42b29-1666896284b5bf6042-0":{"type":"item","settings":{"tab_label":"Item","subheading":"Subheading","title":"Image with text","content":"<p>Use image with text to give your customers insight into your brand. Select imagery and text that relates to your style and story.<\/p>","button_text":"","button_link":""}}},"block_order":["template--16757099594044__091f0bbc-28e3-49cc-83fc-d00889a42b29-1666896284b5bf6042-0"],"settings":{"reveal_on_scroll":true,"background_type":"full_width","background_overlap":"image","image_position":"left","text_alignment":"center","cycle_speed":8,"accent_background":"#1a1818","text_color":"rgba(0,0,0,0)","button_background":"rgba(0,0,0,0)","button_text_color":"rgba(0,0,0,0)"}},"7d054cfc-a4b1-4a3e-bc1a-90511b4e699d":{"type":"image-with-text-overlay","settings":{"reveal_on_scroll":true,"section_height":"auto","subheading":"Subheading","title":"Image with text overlay","content":"<p>Use overlay text to give your customers insight into your brand. Select imagery and text that relates to your style and story.<\/p>","button_text":"SHOP NOW","button_link":"","link_style":"link","background_type":"full_width","text_width":"medium","text_position":"bottom_left","text_color":"#ffffff","button_background":"#ffffff","button_text_color":"#000000","overlay_color":"#000000","overlay_opacity":30}},"67f82d96-f962-4cce-89c0-e86517bd2f6b":{"type":"image-with-text","blocks":{"template--16757099594044__67f82d96-f962-4cce-89c0-e86517bd2f6b-1666896284b5bf6042-0":{"type":"item","settings":{"tab_label":"Item","subheading":"Subheading","title":"Image with text","content":"<p>Use image with text to give your customers insight into your brand. Select imagery and text that relates to your style and story.<\/p>","button_text":"SHOP NOW","button_link":""}}},"block_order":["template--16757099594044__67f82d96-f962-4cce-89c0-e86517bd2f6b-1666896284b5bf6042-0"],"settings":{"reveal_on_scroll":true,"background_type":"full_width","background_overlap":"image","image_position":"right","text_alignment":"center","cycle_speed":8,"accent_background":"#1a1818","text_color":"rgba(0,0,0,0)","button_background":"#1a1818","button_text_color":"#ffffff"}},"630618b2-d4c7-4225-b453-302c6c6b3c36":{"type":"logo-list","blocks":{"template--16757099594044__630618b2-d4c7-4225-b453-302c6c6b3c36-1666896357757d0f52-0":{"type":"logo","settings":{"logo":"shopify:\/\/shop_images\/Group_3162_2x_60x60_e2b3a3c4-7308-4038-b0f2-aeeecb1ffb8e.webp","link":""}},"template--16757099594044__630618b2-d4c7-4225-b453-302c6c6b3c36-1666896357757d0f52-1":{"type":"logo","settings":{"link":""}},"template--16757099594044__630618b2-d4c7-4225-b453-302c6c6b3c36-1666896357757d0f52-2":{"type":"logo","settings":{"link":""}},"template--16757099594044__630618b2-d4c7-4225-b453-302c6c6b3c36-1666896357757d0f52-3":{"type":"logo","settings":{"link":""}},"template--16757099594044__630618b2-d4c7-4225-b453-302c6c6b3c36-1666896357757d0f52-4":{"type":"logo","settings":{"link":""}},"template--16757099594044__630618b2-d4c7-4225-b453-302c6c6b3c36-1666896357757d0f52-5":{"type":"logo","settings":{"link":""}}},"block_order":["template--16757099594044__630618b2-d4c7-4225-b453-302c6c6b3c36-1666896357757d0f52-0","template--16757099594044__630618b2-d4c7-4225-b453-302c6c6b3c36-1666896357757d0f52-1","template--16757099594044__630618b2-d4c7-4225-b453-302c6c6b3c36-1666896357757d0f52-2","template--16757099594044__630618b2-d4c7-4225-b453-302c6c6b3c36-1666896357757d0f52-3","template--16757099594044__630618b2-d4c7-4225-b453-302c6c6b3c36-1666896357757d0f52-4","template--16757099594044__630618b2-d4c7-4225-b453-302c6c6b3c36-1666896357757d0f52-5"],"settings":{"reveal_on_scroll":true,"subheading":"","title":"Brands","button_text":"","button_link":"","stack_logos":true,"background":"rgba(0,0,0,0)","text_color":"rgba(0,0,0,0)","button_background":"rgba(0,0,0,0)","button_text_color":"rgba(0,0,0,0)","logo_background":"rgba(0,0,0,0)"}},"43ed5a12-c85a-40e4-9a80-4323d97f36cc":{"type":"gallery","blocks":{"template--16757099594044__43ed5a12-c85a-40e4-9a80-4323d97f36cc-1666896284b5422802-0":{"type":"image","settings":{"caption":""}},"template--16757099594044__43ed5a12-c85a-40e4-9a80-4323d97f36cc-1666896284b5422802-1":{"type":"image","settings":{"caption":""}},"template--16757099594044__43ed5a12-c85a-40e4-9a80-4323d97f36cc-1666896284b5422802-2":{"type":"image","settings":{"caption":""}}},"block_order":["template--16757099594044__43ed5a12-c85a-40e4-9a80-4323d97f36cc-1666896284b5422802-0","template--16757099594044__43ed5a12-c85a-40e4-9a80-4323d97f36cc-1666896284b5422802-1","template--16757099594044__43ed5a12-c85a-40e4-9a80-4323d97f36cc-1666896284b5422802-2"],"settings":{"subheading":"Subheading","title":"Gallery","show_arrows":true,"background":"rgba(0,0,0,0)","text_color":"rgba(0,0,0,0)"}},"e17a96a6-6b95-4aa7-97e3-60479952ef09":{"type":"image-with-text-block","settings":{"reveal_on_scroll":true,"subheading":"Subheading","title":"Image with text block","content":"","button_text":"Shop Now","button_link":"","background_type":"full_width","text_position":"left","text_alignment":"left","text_background":"#5d5c4e","text_color":"#ffffff","button_background":"#5d5c4e","button_text_color":"rgba(0,0,0,0)"}},"3eafed49-e082-4ae2-ae07-248acae2fc0d":{"type":"collection-list","blocks":{"template--16757099594044__3eafed49-e082-4ae2-ae07-248acae2fc0d-1666898478605e0fcf-0":{"type":"collection","settings":{"collection":"","subheading":"","title":"pro series","link_text":"","link_url":"","text_color":"rgba(0,0,0,0)","overlay_color":"#000000","overlay_opacity":30}},"template--16757099594044__3eafed49-e082-4ae2-ae07-248acae2fc0d-1666898478605e0fcf-1":{"type":"collection","settings":{"collection":"","subheading":"","title":"contender series","link_text":"","link_url":"","text_color":"rgba(0,0,0,0)","overlay_color":"#000000","overlay_opacity":30}},"template--16757099594044__3eafed49-e082-4ae2-ae07-248acae2fc0d-1666898478605e0fcf-2":{"type":"collection","settings":{"collection":"","subheading":"","title":"tournament series","link_text":"","link_url":"","text_color":"rgba(0,0,0,0)","overlay_color":"#000000","overlay_opacity":30}},"template--16757099594044__3eafed49-e082-4ae2-ae07-248acae2fc0d-1666898478605e0fcf-3":{"type":"collection","disabled":true,"settings":{"collection":"","subheading":"","title":"","link_text":"","link_url":"","text_color":"rgba(0,0,0,0)","overlay_color":"#000000","overlay_opacity":30}},"template--16757099594044__3eafed49-e082-4ae2-ae07-248acae2fc0d-1666898478605e0fcf-4":{"type":"collection","disabled":true,"settings":{"collection":"","subheading":"","title":"","link_text":"","link_url":"","text_color":"rgba(0,0,0,0)","overlay_color":"#000000","overlay_opacity":30}},"template--16757099594044__3eafed49-e082-4ae2-ae07-248acae2fc0d-1666898478605e0fcf-5":{"type":"collection","disabled":true,"settings":{"collection":"","subheading":"","title":"","link_text":"","link_url":"","text_color":"rgba(0,0,0,0)","overlay_color":"#000000","overlay_opacity":30}}},"block_order":["template--16757099594044__3eafed49-e082-4ae2-ae07-248acae2fc0d-1666898478605e0fcf-0","template--16757099594044__3eafed49-e082-4ae2-ae07-248acae2fc0d-1666898478605e0fcf-1","template--16757099594044__3eafed49-e082-4ae2-ae07-248acae2fc0d-1666898478605e0fcf-2","template--16757099594044__3eafed49-e082-4ae2-ae07-248acae2fc0d-1666898478605e0fcf-3","template--16757099594044__3eafed49-e082-4ae2-ae07-248acae2fc0d-1666898478605e0fcf-4","template--16757099594044__3eafed49-e082-4ae2-ae07-248acae2fc0d-1666898478605e0fcf-5"],"settings":{"reveal_on_scroll":false,"layout":"grid","subheading":"explore our collections","title":"","background":"#1a1818","text_color":"#ffffff"}},"3cfb6977-61d9-4661-9d2d-ca304a653001":{"type":"text-with-icons","blocks":{"template--16757099594044__3cfb6977-61d9-4661-9d2d-ca304a653001-1666900217c3084c10-0":{"type":"item","settings":{"icon":"picto-box","custom_icon_width":50,"title":"Free shipping","content":"<p>Free worldwide shipping and returns - customs and duties taxes included<\/p>"}},"template--16757099594044__3cfb6977-61d9-4661-9d2d-ca304a653001-1666900217c3084c10-1":{"type":"item","settings":{"icon":"picto-phone","custom_icon_width":50,"title":"Customer service","content":"<p>We are available from monday to friday to answer your questions.<\/p>"}},"template--16757099594044__3cfb6977-61d9-4661-9d2d-ca304a653001-1666900217c3084c10-2":{"type":"item","settings":{"icon":"picto-lock","custom_icon_width":50,"title":"Secure payment","content":"<p>Your payment information is processed securely.<\/p>"}},"template--16757099594044__3cfb6977-61d9-4661-9d2d-ca304a653001-1666900217c3084c10-3":{"type":"item","settings":{"icon":"picto-email","custom_icon_width":50,"title":"Contact us","content":"<p>Need to contact us ? Just send us an e-mail at info@yourstore.com<\/p>"}}},"block_order":["template--16757099594044__3cfb6977-61d9-4661-9d2d-ca304a653001-1666900217c3084c10-0","template--16757099594044__3cfb6977-61d9-4661-9d2d-ca304a653001-1666900217c3084c10-1","template--16757099594044__3cfb6977-61d9-4661-9d2d-ca304a653001-1666900217c3084c10-2","template--16757099594044__3cfb6977-61d9-4661-9d2d-ca304a653001-1666900217c3084c10-3"],"settings":{"background":"rgba(0,0,0,0)","text_color":"rgba(0,0,0,0)"}},"47b5e852-7f1d-4c7c-959a-8b3948f81b10":{"type":"newsletter","settings":{"reveal_on_scroll":true,"subheading":"Subscribe to our newsletter","content":"<p>Promotions, new products and sales. <\/p>","text_position":"left","text_alignment":"left","text_background":"rgba(0,0,0,0)","text_color":"rgba(0,0,0,0)","button_background":"rgba(0,0,0,0)","button_text_color":"rgba(0,0,0,0)"}}},"order":["main","69be5f6d-d476-4aea-b908-a0fdd6917bce","ea036c0c-e3b4-480f-a5ea-f774bdb39a3f","a1cef1a8-1dfa-44ad-8375-53db08ea54f5","091f0bbc-28e3-49cc-83fc-d00889a42b29","7d054cfc-a4b1-4a3e-bc1a-90511b4e699d","67f82d96-f962-4cce-89c0-e86517bd2f6b","630618b2-d4c7-4225-b453-302c6c6b3c36","43ed5a12-c85a-40e4-9a80-4323d97f36cc","e17a96a6-6b95-4aa7-97e3-60479952ef09","3eafed49-e082-4ae2-ae07-248acae2fc0d","3cfb6977-61d9-4661-9d2d-ca304a653001","47b5e852-7f1d-4c7c-959a-8b3948f81b10"]}