{"sections":{"main":{"type":"main-page","disabled":true,"settings":{"show_title":true,"page_width":"medium"}},"e9a5182f-ca46-4bac-9312-2cd27c40d9f2":{"type":"image-with-text-overlay","settings":{"reveal_on_scroll":true,"section_height":"auto","image":"shopify:\/\/shop_images\/adventure-travel-cliff.jpg","subheading":"","title":"REAL PEOPLE, REAL ADVENTURES, ONE NATION.","content":"","button_text":"","button_link":"","link_style":"link","background_type":"full_width","text_width":"medium","text_position":"middle_left","text_color":"#ffffff","button_background":"#ffffff","button_text_color":"#000000","overlay_color":"#000000","overlay_opacity":0}},"d97e0391-9aee-4fa9-a2df-e7038bca9575":{"type":"rich-text","settings":{"subheading":"","title":"","content":"<p>Adventure awaits! Make sure you’re prepared for your next exploration with the outdoor gear you need from Outdoor Nation. We’ve assembled some of the best outdoor performance wear and apparel available on the market from brands like Gillz, Reel Life, FinTech and Mad Pelican. Join us on the adventure trail … to Outdoor Nation!<\/p>","button_text":"","button_link":"","background_type":"full_width","text_width":"large","text_position":"center","text_alignment":"center","background":"rgba(0,0,0,0)","text_color":"rgba(0,0,0,0)","button_background":"rgba(0,0,0,0)","button_text_color":"rgba(0,0,0,0)"}},"f9ec1feb-eba5-4077-a626-256e5950dbf6":{"type":"image-with-text","blocks":{"template--16941939294524__f9ec1feb-eba5-4077-a626-256e5950dbf6-16683918110c2eee05-0":{"type":"item","settings":{"image":"shopify:\/\/shop_images\/man-about-page.jpg","tab_label":"Item","subheading":"OUTDOOR NATION","title":"Where Nature Rules","content":"<p>Created by passionate enthusiasts of the outdoor lifestyle, Outdoor Nation exists to fuel your next adventure. Our apparel is designed to help you keep doing the things you love longer, and our collections feature some of best UV sun protection available, along with technology innovations, superior fabrics and modern design styling. We are your one-stop outdoor apparel store for all your nature-inspired activities. Welcome to Outdoor Nation, where adventure is sovereign territory and nature rules.  <\/p>","button_text":"","button_link":""}}},"block_order":["template--16941939294524__f9ec1feb-eba5-4077-a626-256e5950dbf6-16683918110c2eee05-0"],"settings":{"reveal_on_scroll":true,"background_type":"full_width","background_overlap":"image","image_position":"left","text_alignment":"center","cycle_speed":8,"accent_background":"#1a1818","text_color":"rgba(0,0,0,0)","button_background":"rgba(0,0,0,0)","button_text_color":"rgba(0,0,0,0)"}},"d845a136-a515-401e-8eb2-1edb6fb9bcb5":{"type":"press","blocks":{"template--16941939294524__d845a136-a515-401e-8eb2-1edb6fb9bcb5-166839238720fc2597-0":{"type":"item","settings":{"logo":"shopify:\/\/shop_images\/Jim_Phelan_-_CEO.png","logo_width":150,"content":"We have been on the water for generations, and we value what it offers us. With sustainable choices, we can conserve our natural resources for future generations."}}},"block_order":["template--16941939294524__d845a136-a515-401e-8eb2-1edb6fb9bcb5-166839238720fc2597-0"],"settings":{"reveal_on_scroll":true,"background":"rgba(0,0,0,0)","text_color":"rgba(0,0,0,0)"}},"cb60df5f-d941-43ea-9392-0bc0acfbbcca":{"type":"timeline","blocks":{"template--16941939294524__cb60df5f-d941-43ea-9392-0bc0acfbbcca-16683929270c4c21c1-0":{"type":"item","settings":{"image":"shopify:\/\/shop_images\/woman-about-page.jpg","label":"COMMUNICATION","title":"Stephanie Social Media Specialist","content":"<p>Write content about your store<\/p>","button_text":"","button_link":""}},"template--16941939294524__cb60df5f-d941-43ea-9392-0bc0acfbbcca-16683929270c4c21c1-1":{"type":"item","settings":{"label":"MARKETING","title":"Your heading","content":"<p>Write content about your store<\/p>","button_text":"","button_link":""}},"template--16941939294524__cb60df5f-d941-43ea-9392-0bc0acfbbcca-16683929270c4c21c1-2":{"type":"item","settings":{"label":"PRODUCT DESIGNER","title":"Your heading","content":"<p>Write content about your store<\/p>","button_text":"","button_link":""}}},"block_order":["template--16941939294524__cb60df5f-d941-43ea-9392-0bc0acfbbcca-16683929270c4c21c1-0","template--16941939294524__cb60df5f-d941-43ea-9392-0bc0acfbbcca-16683929270c4c21c1-1","template--16941939294524__cb60df5f-d941-43ea-9392-0bc0acfbbcca-16683929270c4c21c1-2"],"disabled":true,"settings":{"subheading":"WE KNOW OUTDOOR","title":"","text_position":"middle","background":"rgba(0,0,0,0)","text_color":"rgba(0,0,0,0)","item_background":"rgba(0,0,0,0)","item_text_color":"rgba(0,0,0,0)"}},"61167d97-ca19-489a-88ff-ecdb6fd49bdd":{"type":"gallery","blocks":{"6b80488e-0edd-4827-9957-ecf7490c3127":{"type":"image","settings":{"image":"shopify:\/\/shop_images\/OutdoorNation_Building.jpg","caption":""}},"template--16941939294524__61167d97-ca19-489a-88ff-ecdb6fd49bdd-16683918119008baaa-1":{"type":"image","settings":{"image":"shopify:\/\/shop_images\/Image_2.jpg","caption":""}},"549e4fd8-90dd-4560-ab36-9cec35f88de6":{"type":"image","settings":{"image":"shopify:\/\/shop_images\/IMG_3343.jpg","caption":""}},"f8dd5d74-f01c-4da7-a8df-eb86936a0eb0":{"type":"image","disabled":true,"settings":{"caption":""}},"0fb9c2f0-88b7-4ad5-86df-db996a9d9b3a":{"type":"image","disabled":true,"settings":{"caption":""}},"87990a05-6254-4de3-a309-0476c340ef33":{"type":"image","settings":{"image":"shopify:\/\/shop_images\/IMG_3353.jpg","caption":""}},"template--16941939294524__61167d97-ca19-489a-88ff-ecdb6fd49bdd-16683918119008baaa-0":{"type":"image","settings":{"image":"shopify:\/\/shop_images\/Image_3.jpg","caption":""}}},"block_order":["6b80488e-0edd-4827-9957-ecf7490c3127","template--16941939294524__61167d97-ca19-489a-88ff-ecdb6fd49bdd-16683918119008baaa-1","549e4fd8-90dd-4560-ab36-9cec35f88de6","f8dd5d74-f01c-4da7-a8df-eb86936a0eb0","0fb9c2f0-88b7-4ad5-86df-db996a9d9b3a","87990a05-6254-4de3-a309-0476c340ef33","template--16941939294524__61167d97-ca19-489a-88ff-ecdb6fd49bdd-16683918119008baaa-0"],"settings":{"subheading":"BEHIND THE SCENE","title":"","show_arrows":true,"background":"#1a1818","text_color":"#ffffff"}},"77de1544-88ba-4c1e-856e-c32716c5dae7":{"type":"multi-column","blocks":{"template--16941939294524__77de1544-88ba-4c1e-856e-c32716c5dae7-1668392387c6734ccf-0":{"type":"item","settings":{"image":"shopify:\/\/shop_images\/Rectangle_6137.jpg","image_width":100,"image_border":"rgba(0,0,0,0)","title":"Sustainability Above All","content":"<p>Above all else, we are citizens of Planet Earth. That’s why environmental responsibility and sustainability are central to our mission and our family of brand partners. In addition to a wide range of recycled materials in our products, Outdoor Nation’s brands regularly support and participate in community sustainability efforts, such as beach cleanups and more.<\/p>","link_text":"","link_url":"","link_style":"link","text_alignment":"left","vertical_alignment":"start"}},"template--16941939294524__77de1544-88ba-4c1e-856e-c32716c5dae7-1668392387c6734ccf-1":{"type":"item","settings":{"image":"shopify:\/\/shop_images\/Rectangle_6138.jpg","image_width":100,"image_border":"rgba(0,0,0,0)","title":"Born in the Florida Waters","content":"<p>Outdoor Nation’s brands all got their start as unique apparel options in the local Florida coastal markets and specialty outfitter shops. Each was launched to address an underserved slice of the Florida outdoor apparel market by driving innovation, technology, quality and design. <\/p>","link_text":"","link_url":"","link_style":"link","text_alignment":"left","vertical_alignment":"start"}},"template--16941939294524__77de1544-88ba-4c1e-856e-c32716c5dae7-1668392387c6734ccf-2":{"type":"item","settings":{"image":"shopify:\/\/shop_images\/Rectangle_6139.jpg","image_width":100,"image_border":"rgba(0,0,0,0)","title":"Communities Not Shareholders","content":"<p>We’re not just clothing retailers. We’re passionate outdoor enthusiasts that want amazing apparel so we can keep doing more of what we love. We live, work, and play in the same outdoor hangouts that you do, and we work hard to support healthy communities by actively promoting skin cancer awareness and much more.    <\/p>","link_text":"","link_url":"","link_style":"link","text_alignment":"left","vertical_alignment":"start"}},"template--16941939294524__77de1544-88ba-4c1e-856e-c32716c5dae7-1668392387c6734ccf-3":{"type":"item","disabled":true,"settings":{"image_width":100,"image_border":"rgba(0,0,0,0)","title":"Column 1","content":"<p>Pair text with an image to focus on your chosen product, collection, or blog post. Add details on availability, style, or even provide a review.<\/p>","link_text":"","link_url":"","link_style":"link","text_alignment":"center","vertical_alignment":"start"}}},"block_order":["template--16941939294524__77de1544-88ba-4c1e-856e-c32716c5dae7-1668392387c6734ccf-0","template--16941939294524__77de1544-88ba-4c1e-856e-c32716c5dae7-1668392387c6734ccf-1","template--16941939294524__77de1544-88ba-4c1e-856e-c32716c5dae7-1668392387c6734ccf-2","template--16941939294524__77de1544-88ba-4c1e-856e-c32716c5dae7-1668392387c6734ccf-3"],"settings":{"reveal_on_scroll":true,"stack_items":true,"subheading":"THE OUTDOOR NATION","title":"DIFFERENCE","content":"","column_alignment":"center","mobile_item_size":"large","desktop_item_size":"large","spacing":"normal","background":"rgba(0,0,0,0)","text_color":"rgba(0,0,0,0)"}},"2e8d5153-a172-498a-913b-84835f7fc2e4":{"type":"promotion-blocks","blocks":{"template--16941939294524__2e8d5153-a172-498a-913b-84835f7fc2e4-167295265510cee601-0":{"type":"image","settings":{"image":"shopify:\/\/shop_images\/GILLZ_d1a790fa-68c4-4708-b5cc-87b0735b4642.jpg","highlight":false,"subheading":"","title":"","link_text":"","link_url":"shopify:\/\/pages\/gillz","link_style":"link","text_position":"middle_center","background":"#f7f8fd","text_color":"#1e316a","button_background":"#ffffff","button_text_color":"#1e316a"}},"template--16941939294524__2e8d5153-a172-498a-913b-84835f7fc2e4-167295265510cee601-2":{"type":"image","settings":{"image":"shopify:\/\/shop_images\/ReelLife.jpg","highlight":false,"subheading":"","title":"","link_text":"","link_url":"shopify:\/\/pages\/reel-life","link_style":"link","text_position":"middle_center","background":"#f7f8fd","text_color":"#1e316a","button_background":"#ffffff","button_text_color":"#1e316a"}},"31eec056-1fff-4729-b853-16017db32c63":{"type":"image","settings":{"image":"shopify:\/\/shop_images\/Fintech.jpg","highlight":false,"subheading":"","title":"","link_text":"","link_url":"shopify:\/\/pages\/fintech","link_style":"link","text_position":"middle_center","background":"#f7f8fd","text_color":"#1e316a","button_background":"#ffffff","button_text_color":"#1e316a"}},"107dcbd8-1bcb-47dd-a013-f24c07329856":{"type":"image","settings":{"image":"shopify:\/\/shop_images\/mad-pelican_DD_menu_brand.jpg","highlight":false,"subheading":"","title":"","link_text":"","link_url":"shopify:\/\/pages\/mad-pelican","link_style":"link","text_position":"middle_center","background":"#dddddd","text_color":"#1e316a","button_background":"#ffffff","button_text_color":"#1e316a"}}},"block_order":["template--16941939294524__2e8d5153-a172-498a-913b-84835f7fc2e4-167295265510cee601-0","template--16941939294524__2e8d5153-a172-498a-913b-84835f7fc2e4-167295265510cee601-2","31eec056-1fff-4729-b853-16017db32c63","107dcbd8-1bcb-47dd-a013-f24c07329856"],"settings":{"subheading":"LEARN MORE ABOUT","title":"OUR BRANDS","section_size":"large","stack_on_mobile":true,"background":"#f5f5f5","text_color":"rgba(0,0,0,0)"}},"1c0cbe7c-a9e1-463c-8fe2-6f577e9861a3":{"type":"contact-form","blocks":{"cd538186-565a-4f9a-9b15-1e4e9112f451":{"type":"text","settings":{"title":"Phone Number","use_long_text":false,"is_required":false}}},"block_order":["cd538186-565a-4f9a-9b15-1e4e9112f451"],"settings":{"image":"shopify:\/\/shop_images\/Map_2.jpg","title":"Contact Us","content":"","text_1_heading":"﻿25 2nd Street South        ﻿Jacksonville, Florida 32250","text_1_text":"","text_2_heading":"PHone: ﻿(904) 479-2906 Email: info@outdoornation.com","text_2_text":"","background":"rgba(0,0,0,0)","text_color":"rgba(0,0,0,0)","button_background":"rgba(0,0,0,0)","button_text_color":"rgba(0,0,0,0)"}},"b1495709-42ca-4017-a2e2-2caee525dd42":{"type":"text-with-icons","blocks":{"template--16941939294524__b1495709-42ca-4017-a2e2-2caee525dd42-1668392927521b5b8d-0":{"type":"item","settings":{"icon":"picto-box","custom_icon_width":50,"title":"Free shipping","content":"<p>Free U.S. shipping on every order over $75<\/p>"}},"template--16941939294524__b1495709-42ca-4017-a2e2-2caee525dd42-1668392927521b5b8d-1":{"type":"item","settings":{"icon":"picto-phone","custom_icon_width":50,"title":"Customer service","content":"<p>We are available from Monday to Friday to answer your questions at (904) 479-2906<\/p>"}},"template--16941939294524__b1495709-42ca-4017-a2e2-2caee525dd42-1668392927521b5b8d-2":{"type":"item","settings":{"icon":"picto-lock","custom_icon_width":50,"title":"Secure payment","content":"<p>Your payment information is processed securely.<\/p>"}},"template--16941939294524__b1495709-42ca-4017-a2e2-2caee525dd42-1668392927521b5b8d-3":{"type":"item","settings":{"icon":"picto-email","custom_icon_width":50,"title":"Contact us","content":"<p>Need to contact us ? Just send us an e-mail at info@outdoornation.com<\/p>"}}},"block_order":["template--16941939294524__b1495709-42ca-4017-a2e2-2caee525dd42-1668392927521b5b8d-0","template--16941939294524__b1495709-42ca-4017-a2e2-2caee525dd42-1668392927521b5b8d-1","template--16941939294524__b1495709-42ca-4017-a2e2-2caee525dd42-1668392927521b5b8d-2","template--16941939294524__b1495709-42ca-4017-a2e2-2caee525dd42-1668392927521b5b8d-3"],"settings":{"background":"#1a1818","text_color":"#ffffff"}},"61d15576-2ba6-4206-acf5-4383662ebd53":{"type":"newsletter","settings":{"reveal_on_scroll":true,"image":"shopify:\/\/shop_images\/SUBSCRIBE_banner_1_2.jpg","subheading":"JOIN THE NATION","content":"<p>Promotions, new products and sales. Directly to your inbox.<\/p>","text_position":"left","text_alignment":"left","text_background":"rgba(0,0,0,0)","text_color":"rgba(0,0,0,0)","button_background":"#f06a22","button_text_color":"#ffffff"}}},"order":["main","e9a5182f-ca46-4bac-9312-2cd27c40d9f2","d97e0391-9aee-4fa9-a2df-e7038bca9575","f9ec1feb-eba5-4077-a626-256e5950dbf6","d845a136-a515-401e-8eb2-1edb6fb9bcb5","cb60df5f-d941-43ea-9392-0bc0acfbbcca","61167d97-ca19-489a-88ff-ecdb6fd49bdd","77de1544-88ba-4c1e-856e-c32716c5dae7","2e8d5153-a172-498a-913b-84835f7fc2e4","1c0cbe7c-a9e1-463c-8fe2-6f577e9861a3","b1495709-42ca-4017-a2e2-2caee525dd42","61d15576-2ba6-4206-acf5-4383662ebd53"]}