{"sections":{"main":{"type":"main-page","disabled":true,"settings":{"show_title":true,"page_width":"medium"}},"b0d9fc91-84d3-4ea9-83f1-a78bf476e5b1":{"type":"collection-list","blocks":{"template--17134807679292__b0d9fc91-84d3-4ea9-83f1-a78bf476e5b1-1670008622d1d3de5b-0":{"type":"collection","settings":{"collection":"","image":"shopify:\/\/shop_images\/Performance_28413504-611d-4040-991d-a14b8be10dae.jpg","subheading":"","title":"GILLZ","link_text":"SHOP NOW","link_url":"shopify:\/\/collections\/gillz","text_color":"rgba(0,0,0,0)","overlay_color":"#000000","overlay_opacity":30}},"template--17134807679292__b0d9fc91-84d3-4ea9-83f1-a78bf476e5b1-1670008622d1d3de5b-1":{"type":"collection","settings":{"collection":"","image":"shopify:\/\/shop_images\/boating_c8278fb2-828e-4b16-a3c7-a537c3ef065f.jpg","subheading":"","title":"REEL LIFE","link_text":"SHOP NOW","link_url":"shopify:\/\/collections\/reel-life","text_color":"rgba(0,0,0,0)","overlay_color":"#000000","overlay_opacity":30}},"template--17134807679292__b0d9fc91-84d3-4ea9-83f1-a78bf476e5b1-1670008622d1d3de5b-3":{"type":"collection","settings":{"collection":"","image":"shopify:\/\/shop_images\/Onsite_ad7a86b4-a896-4c1e-9236-83f7e11fe714.jpg","subheading":"","title":"FINTECH","link_text":"SHOP NOW","link_url":"shopify:\/\/collections\/fintech","text_color":"rgba(0,0,0,0)","overlay_color":"#000000","overlay_opacity":30}},"template--17134807679292__b0d9fc91-84d3-4ea9-83f1-a78bf476e5b1-1670008622d1d3de5b-2":{"type":"collection","settings":{"collection":"","image":"shopify:\/\/shop_images\/shop-by-brand.jpg","subheading":"","title":"MAD PELICAN","link_text":"SHOP NOW","link_url":"shopify:\/\/collections\/mad-pelican","text_color":"rgba(0,0,0,0)","overlay_color":"#000000","overlay_opacity":30}}},"block_order":["template--17134807679292__b0d9fc91-84d3-4ea9-83f1-a78bf476e5b1-1670008622d1d3de5b-0","template--17134807679292__b0d9fc91-84d3-4ea9-83f1-a78bf476e5b1-1670008622d1d3de5b-1","template--17134807679292__b0d9fc91-84d3-4ea9-83f1-a78bf476e5b1-1670008622d1d3de5b-3","template--17134807679292__b0d9fc91-84d3-4ea9-83f1-a78bf476e5b1-1670008622d1d3de5b-2"],"custom_css":["@media screen and (max-width: 500px) {.h4 {font-size: 16px; }}"],"settings":{"reveal_on_scroll":true,"layout":"collage","subheading":"SHOP BY","title":"BRAND","background":"rgba(0,0,0,0)","text_color":"rgba(0,0,0,0)"}},"989cfbde-3384-4e1d-8ee4-4026846c4560":{"type":"text-with-icons","blocks":{"template--17134807679292__989cfbde-3384-4e1d-8ee4-4026846c4560-1670212812686e74f9-0":{"type":"item","settings":{"icon":"picto-box","custom_icon_width":50,"title":"Free shipping","content":"<p>Free U.S. shipping on every order over $75<\/p>"}},"template--17134807679292__989cfbde-3384-4e1d-8ee4-4026846c4560-1670212812686e74f9-1":{"type":"item","settings":{"icon":"picto-phone","custom_icon_width":50,"title":"Customer service","content":"<p>We are available Monday - Friday to answer your questions at (904) 479-2906<\/p>"}},"template--17134807679292__989cfbde-3384-4e1d-8ee4-4026846c4560-1670212812686e74f9-2":{"type":"item","settings":{"icon":"picto-lock","custom_icon_width":50,"title":"Secure payment","content":"<p>Your payment information is processed securely.<\/p>"}},"template--17134807679292__989cfbde-3384-4e1d-8ee4-4026846c4560-1670212812686e74f9-3":{"type":"item","settings":{"icon":"picto-email","custom_icon_width":50,"title":"Contact us","content":"<p>Need to contact us ? Just send us an e-mail at info@outdoornation.com<\/p>"}}},"block_order":["template--17134807679292__989cfbde-3384-4e1d-8ee4-4026846c4560-1670212812686e74f9-0","template--17134807679292__989cfbde-3384-4e1d-8ee4-4026846c4560-1670212812686e74f9-1","template--17134807679292__989cfbde-3384-4e1d-8ee4-4026846c4560-1670212812686e74f9-2","template--17134807679292__989cfbde-3384-4e1d-8ee4-4026846c4560-1670212812686e74f9-3"],"settings":{"background":"#1a1818","text_color":"#ffffff"}},"6fff5295-abf7-46a3-8553-035d85b5b4fb":{"type":"newsletter","settings":{"reveal_on_scroll":true,"image":"shopify:\/\/shop_images\/SUBSCRIBE_banner_1_2.jpg","subheading":"JOIN THE NATION","content":"<p>Promotions, new products and sales. Directly to your inbox.<\/p>","text_position":"left","text_alignment":"left","text_background":"rgba(0,0,0,0)","text_color":"rgba(0,0,0,0)","button_background":"#f06a22","button_text_color":"rgba(0,0,0,0)"}}},"order":["main","b0d9fc91-84d3-4ea9-83f1-a78bf476e5b1","989cfbde-3384-4e1d-8ee4-4026846c4560","6fff5295-abf7-46a3-8553-035d85b5b4fb"]}