{"sections":{"main":{"type":"main-page","disabled":true,"settings":{"show_title":true,"page_width":"medium"}},"7acea267-613d-410d-b935-dd27fcbe7744":{"type":"slideshow","blocks":{"template--16792991007036__7acea267-613d-410d-b935-dd27fcbe7744-16679273347f62c4e4-0":{"type":"image","settings":{"image":"shopify:\/\/shop_images\/Group_4892.jpg","mobile_image":"shopify:\/\/shop_images\/Group_4832_f43cc2d7-5800-489d-b533-4b13c7bcb4e8.jpg","logo_image":"shopify:\/\/shop_images\/Group_4899.png","text_position":"middle_right","subheading":"","title":"NATURE IS A CHANCE FOR THE ULTIMATE INSPIRATION","content":"","button_1_text":"SHOP ALL","button_1_link":"shopify:\/\/collections\/reel-life","button_2_text":"","button_2_link":"","text_color":"#ffffff","button_background":"#f06a22","button_text_color":"#ffffff","overlay_color":"#000000","overlay_opacity":15,"section_css_class":"reel-life-hero"}}},"block_order":["template--16792991007036__7acea267-613d-410d-b935-dd27fcbe7744-16679273347f62c4e4-0"],"settings":{"section_height":"medium","transition_type":"sweep","autoplay":false,"cycle_speed":4,"background":"rgba(0,0,0,0)"}},"ea036c0c-e3b4-480f-a5ea-f774bdb39a3f":{"type":"rich-text","settings":{"subheading":"","title":"RAISED ON THE WATER.","content":"<p>Welcome to Reel Life, your home for the best casual clothes designed for the boat, beach and water sports of all types. Reel Life combines outdoor performance with comfort and style. Our line of fishing shirts, beach clothes and more features performance long sleeve t shirts, board shorts and graphic tees with cool designs that conjure up the smell of saltwater and a backflip off the bow of the boat. Our ladies’ line ranges from women’s performance t shirts to casual dresses and a wide variety of cute tops and bottoms that are also functional. Shop online now for the coastal styles you love.<\/p>","button_text":"","button_link":"","background_type":"full_width","text_width":"large","text_position":"center","text_alignment":"center","background":"#f5f5f5","text_color":"#282828","button_background":"rgba(0,0,0,0)","button_text_color":"rgba(0,0,0,0)"}},"1c03c46f-a4e3-403f-9cd2-a4b69966a6fb":{"type":"featured-collections","blocks":{"template--16792991007036__1c03c46f-a4e3-403f-9cd2-a4b69966a6fb-1667968337812e213b-0":{"type":"collection","settings":{"collection":"reel-life","label":"","button_text":"Shop ALL","button_url":"shopify:\/\/collections\/reel-life"}}},"block_order":["template--16792991007036__1c03c46f-a4e3-403f-9cd2-a4b69966a6fb-1667968337812e213b-0"],"settings":{"subheading":"shop","title":"REEL LIFE NEW ARRIVALS","content":"","products_count":4,"products_per_row":4,"stack_products":false,"show_cta":false,"background":"#ffffff","text_color":"rgba(0,0,0,0)","button_background":"#f06a22","button_text_color":"rgba(0,0,0,0)"}},"091f0bbc-28e3-49cc-83fc-d00889a42b29":{"type":"image-with-text","blocks":{"template--16757099594044__091f0bbc-28e3-49cc-83fc-d00889a42b29-1666896284b5bf6042-0":{"type":"item","settings":{"image":"shopify:\/\/shop_images\/DSC01950_1.png","tab_label":"Item","subheading":"WHAT’S REAL","title":"TO REEL LIFE","content":"<p>Reel Life conjures up the smell of saltwater and a backflip off the bow of the boat. Paddleboarding in the quiet of the early morning. The good-natured competition among friends as they fish. An oceanside lunch with your partner. Reel Life is a consistent swell on a perfect day of surfing. Then, it’s beers on the beach with friends while jammin’ out to Dirty Heads.<\/p>","button_text":"","button_link":""}}},"block_order":["template--16757099594044__091f0bbc-28e3-49cc-83fc-d00889a42b29-1666896284b5bf6042-0"],"settings":{"reveal_on_scroll":true,"background_type":"full_width","background_overlap":"image","image_position":"left","text_alignment":"center","cycle_speed":8,"accent_background":"#1a1818","text_color":"rgba(0,0,0,0)","button_background":"rgba(0,0,0,0)","button_text_color":"rgba(0,0,0,0)"}},"7e033b9b-17c1-4008-be82-65058c14e702":{"type":"logo-list","blocks":{"template--16792991007036__7e033b9b-17c1-4008-be82-65058c14e702-16679687472e068e95-0":{"type":"logo","settings":{"logo":"shopify:\/\/shop_images\/ReelLife_UPF50_IC_457058aa-09dc-4eae-874a-0f7f13cb3cf4.png","link":""}},"template--16792991007036__7e033b9b-17c1-4008-be82-65058c14e702-16679687472e068e95-1":{"type":"logo","settings":{"logo":"shopify:\/\/shop_images\/ReelLife_Moisture_IC_f9266aff-3de1-4813-8d98-6618d1d8b421.png","link":""}},"template--16792991007036__7e033b9b-17c1-4008-be82-65058c14e702-16679687472e068e95-2":{"type":"logo","settings":{"logo":"shopify:\/\/shop_images\/ReelLife_Breathable_IC_88087c3f-a8cc-4e94-9279-cad7969dbb1a.png","link":""}},"template--16792991007036__7e033b9b-17c1-4008-be82-65058c14e702-16679687472e068e95-3":{"type":"logo","settings":{"logo":"shopify:\/\/shop_images\/ReelLife_Lightweight_IC_5e60bd77-71f7-44ce-be72-4fc52287d37f.png","link":""}},"template--16792991007036__7e033b9b-17c1-4008-be82-65058c14e702-16679687472e068e95-4":{"type":"logo","disabled":true,"settings":{"link":""}},"template--16792991007036__7e033b9b-17c1-4008-be82-65058c14e702-16679687472e068e95-5":{"type":"logo","disabled":true,"settings":{"link":""}},"3cb42b31-ff56-480b-a6b7-365b89663562":{"type":"logo","disabled":true,"settings":{"link":""}}},"block_order":["template--16792991007036__7e033b9b-17c1-4008-be82-65058c14e702-16679687472e068e95-0","template--16792991007036__7e033b9b-17c1-4008-be82-65058c14e702-16679687472e068e95-1","template--16792991007036__7e033b9b-17c1-4008-be82-65058c14e702-16679687472e068e95-2","template--16792991007036__7e033b9b-17c1-4008-be82-65058c14e702-16679687472e068e95-3","template--16792991007036__7e033b9b-17c1-4008-be82-65058c14e702-16679687472e068e95-4","template--16792991007036__7e033b9b-17c1-4008-be82-65058c14e702-16679687472e068e95-5","3cb42b31-ff56-480b-a6b7-365b89663562"],"settings":{"reveal_on_scroll":true,"subheading":"REEL LIFE APPAREL","title":"Features","button_text":"","button_link":"","stack_logos":false,"background":"rgba(0,0,0,0)","text_color":"rgba(0,0,0,0)","button_background":"rgba(0,0,0,0)","button_text_color":"rgba(0,0,0,0)","logo_background":"rgba(0,0,0,0)"}},"f8b542c9-eeb2-43e8-b86a-58d4abce7dee":{"type":"slideshow","blocks":{"template--16792991007036__f8b542c9-eeb2-43e8-b86a-58d4abce7dee-16679312605dd78a90-0":{"type":"image","settings":{"image":"shopify:\/\/shop_images\/Reel_Life_1.jpg","text_position":"middle_left","subheading":"PRODUCT SPOTLIGHT","title":"SOLSTICE SHERPA TRIMMED HOODIE","content":"<p>The Solstice Sherpa Trimmed Hoodie will keep you warm and comfortable when temperatures start to dip. This Henley popover features textured fabric, kanga pocket, comfort fit, and a Sherpa lined hood.<\/p>","button_1_text":"SHOP NOW","button_1_link":"shopify:\/\/products\/reel-life-mens-solstice-sherpa-trimmed-hoodie","button_2_text":"","button_2_link":"","text_color":"#ffffff","button_background":"#f06a22","button_text_color":"#ffffff","overlay_color":"#000000","overlay_opacity":30,"section_css_class":"Type your own CSS class"}},"template--16792991007036__f8b542c9-eeb2-43e8-b86a-58d4abce7dee-16679312605dd78a90-1":{"type":"image","settings":{"image":"shopify:\/\/shop_images\/Banner_Women.jpg","text_position":"middle_left","subheading":"PRODUCT SPOTLIGHT","title":"Waterlily Long Sleeve UV Cover Up","content":"<p>Where classic feminine style meets water adventure, you find our Waterlily Coverup. Pairing our UV fabric with scalloped hemlines and 7\" side slits provide maximum mobility and protection on the water.<\/p>","button_1_text":"shop now","button_1_link":"shopify:\/\/products\/waterlily-long-sleeve-uv-cover-up","button_2_text":"","button_2_link":"","text_color":"#ffffff","button_background":"#f06a22","button_text_color":"#ffffff","overlay_color":"#000000","overlay_opacity":30,"section_css_class":"Type your own CSS class"}},"b92036a5-acf8-4890-a480-237302188b29":{"type":"image","settings":{"image":"shopify:\/\/shop_images\/JAX_BEACH_banner.jpg","text_position":"middle_left","subheading":"PRODUCT SPOTLIGHT","title":"Jax Beach Long Sleeve UV","content":"<p>Made from recycled polyester, 7 plastic bottles are used to make just one of these fishing shirts – that’s 7 bottles that could have wound up in landfills or our oceans! Plus, the manufacturing of these shirts uses no water, no petroleum and emits much less greenhouse gasses.<\/p>","button_1_text":"shop now","button_1_link":"shopify:\/\/products\/jax-beach-long-sleeve-uv-ruv01-0098","button_2_text":"","button_2_link":"","text_color":"#ffffff","button_background":"#f06a22","button_text_color":"#ffffff","overlay_color":"#000000","overlay_opacity":30,"section_css_class":"Type your own CSS class"}}},"block_order":["template--16792991007036__f8b542c9-eeb2-43e8-b86a-58d4abce7dee-16679312605dd78a90-0","template--16792991007036__f8b542c9-eeb2-43e8-b86a-58d4abce7dee-16679312605dd78a90-1","b92036a5-acf8-4890-a480-237302188b29"],"settings":{"section_height":"auto","transition_type":"sweep","autoplay":true,"cycle_speed":5,"background":"rgba(0,0,0,0)"}},"67f82d96-f962-4cce-89c0-e86517bd2f6b":{"type":"image-with-text","blocks":{"template--16757099594044__67f82d96-f962-4cce-89c0-e86517bd2f6b-1666896284b5bf6042-0":{"type":"item","settings":{"image":"shopify:\/\/shop_images\/Image_20.jpg","tab_label":"Item","subheading":"STYLISH","title":"SUSTAINABILITY","content":"<p>Durability comes standard with everything we make, so you know your Reel Life gear will last long and stay out of the landfills. Plus, our new Coastal Performance series uses innovative polyester fabrics made from recycled water bottles. With the softest fabrics available, this amazing clothing line is also quick-dry, moisture wicking and offers UPF 30+ UV protection. Your new favorite shirt doesn’t just look and feel good, it’s also good for the environment!<\/p>","button_text":"SHOP ALL","button_link":"shopify:\/\/collections\/reel-life"}}},"block_order":["template--16757099594044__67f82d96-f962-4cce-89c0-e86517bd2f6b-1666896284b5bf6042-0"],"settings":{"reveal_on_scroll":true,"background_type":"full_width","background_overlap":"image","image_position":"right","text_alignment":"center","cycle_speed":8,"accent_background":"#1a1818","text_color":"rgba(0,0,0,0)","button_background":"#f06a22","button_text_color":"#ffffff"}},"e17a96a6-6b95-4aa7-97e3-60479952ef09":{"type":"image-with-text-block","settings":{"reveal_on_scroll":true,"image":"shopify:\/\/shop_images\/Group_4836.jpg","subheading":"LIVE THE REEL LIFE","title":"WE KEEP IT CASUAL AND COOL - EVEN ON THE WARMEST DAYS.","content":"","button_text":"Shop ALL","button_link":"shopify:\/\/collections\/reel-life","background_type":"full_width","text_position":"left","text_alignment":"left","text_background":"#1a1818","text_color":"#ffffff","button_background":"#f06a22","button_text_color":"rgba(0,0,0,0)"}},"743a7bda-9916-4a02-8f33-50ca99e64154":{"type":"collection-list","blocks":{"template--16792991007036__743a7bda-9916-4a02-8f33-50ca99e64154-16679222596c9c9087-0":{"type":"collection","settings":{"collection":"","image":"shopify:\/\/shop_images\/Group_4872.jpg","subheading":"","title":"OCEAN WASHED","link_text":"shop collection","link_url":"shopify:\/\/collections\/ocean-washed","text_color":"rgba(0,0,0,0)","overlay_color":"#000000","overlay_opacity":30}},"template--16792991007036__743a7bda-9916-4a02-8f33-50ca99e64154-16679222596c9c9087-1":{"type":"collection","settings":{"collection":"","image":"shopify:\/\/shop_images\/Group_4873.jpg","subheading":"","title":"SUN & WATER","link_text":"shop collection","link_url":"shopify:\/\/collections\/sun-water","text_color":"rgba(0,0,0,0)","overlay_color":"#000000","overlay_opacity":30}},"template--16792991007036__743a7bda-9916-4a02-8f33-50ca99e64154-16679222596c9c9087-2":{"type":"collection","settings":{"collection":"","image":"shopify:\/\/shop_images\/Group_4874.jpg","subheading":"","title":"COASTAL PERFORMANCE","link_text":"shop collection","link_url":"shopify:\/\/collections\/coastal-performance","text_color":"rgba(0,0,0,0)","overlay_color":"#000000","overlay_opacity":30}}},"block_order":["template--16792991007036__743a7bda-9916-4a02-8f33-50ca99e64154-16679222596c9c9087-0","template--16792991007036__743a7bda-9916-4a02-8f33-50ca99e64154-16679222596c9c9087-1","template--16792991007036__743a7bda-9916-4a02-8f33-50ca99e64154-16679222596c9c9087-2"],"disabled":true,"settings":{"reveal_on_scroll":false,"layout":"grid","subheading":"SHOP","title":"COLLECTIONS","background":"rgba(0,0,0,0)","text_color":"rgba(0,0,0,0)"}},"3cfb6977-61d9-4661-9d2d-ca304a653001":{"type":"text-with-icons","blocks":{"template--16757099594044__3cfb6977-61d9-4661-9d2d-ca304a653001-1666900217c3084c10-0":{"type":"item","settings":{"icon":"picto-box","custom_icon_width":50,"title":"Free shipping","content":"<p>Free U.S. shipping on every order over $75<\/p>"}},"template--16757099594044__3cfb6977-61d9-4661-9d2d-ca304a653001-1666900217c3084c10-1":{"type":"item","settings":{"icon":"picto-phone","custom_icon_width":50,"title":"Customer service","content":"<p>We are available Monday - Friday to answer your questions at (904) 479-2906 <\/p>"}},"template--16757099594044__3cfb6977-61d9-4661-9d2d-ca304a653001-1666900217c3084c10-2":{"type":"item","settings":{"icon":"picto-lock","custom_icon_width":50,"title":"Secure payment","content":"<p>Your payment information is processed securely.<\/p>"}},"template--16757099594044__3cfb6977-61d9-4661-9d2d-ca304a653001-1666900217c3084c10-3":{"type":"item","settings":{"icon":"picto-email","custom_icon_width":50,"title":"Contact us","content":"<p>Need to contact us ? Just send us an e-mail at info@outdoornation.com<\/p>"}}},"block_order":["template--16757099594044__3cfb6977-61d9-4661-9d2d-ca304a653001-1666900217c3084c10-0","template--16757099594044__3cfb6977-61d9-4661-9d2d-ca304a653001-1666900217c3084c10-1","template--16757099594044__3cfb6977-61d9-4661-9d2d-ca304a653001-1666900217c3084c10-2","template--16757099594044__3cfb6977-61d9-4661-9d2d-ca304a653001-1666900217c3084c10-3"],"settings":{"background":"#ffffff","text_color":"#1a1818"}},"47b5e852-7f1d-4c7c-959a-8b3948f81b10":{"type":"newsletter","settings":{"reveal_on_scroll":true,"image":"shopify:\/\/shop_images\/SUBSCRIBE_banner_1_2.jpg","subheading":"JOIN THE NATION","content":"<p>Promotions, new products and sales. <\/p>","text_position":"left","text_alignment":"left","text_background":"rgba(0,0,0,0)","text_color":"rgba(0,0,0,0)","button_background":"#f06a22","button_text_color":"rgba(0,0,0,0)"}}},"order":["main","7acea267-613d-410d-b935-dd27fcbe7744","ea036c0c-e3b4-480f-a5ea-f774bdb39a3f","1c03c46f-a4e3-403f-9cd2-a4b69966a6fb","091f0bbc-28e3-49cc-83fc-d00889a42b29","7e033b9b-17c1-4008-be82-65058c14e702","f8b542c9-eeb2-43e8-b86a-58d4abce7dee","67f82d96-f962-4cce-89c0-e86517bd2f6b","e17a96a6-6b95-4aa7-97e3-60479952ef09","743a7bda-9916-4a02-8f33-50ca99e64154","3cfb6977-61d9-4661-9d2d-ca304a653001","47b5e852-7f1d-4c7c-959a-8b3948f81b10"]}