{"sections":{"main":{"type":"main-page","disabled":true,"settings":{"show_title":true,"page_width":"medium"}},"e02825bf-07ec-4a8d-a197-ffb135d8cb98":{"type":"slideshow","blocks":{"template--17296018866492__e02825bf-07ec-4a8d-a197-ffb135d8cb98-16741398172111096e-0":{"type":"image","settings":{"image":"shopify:\/\/shop_images\/ON_MAIN-BANNER_SS24-COLOR.jpg","text_position":"middle_center","subheading":"","title":"","content":"","button_1_text":"","button_1_link":"","button_2_text":"","button_2_link":"","text_color":"#ffffff","button_background":"#ffffff","button_text_color":"#000000","overlay_color":"#000000","overlay_opacity":0,"section_css_class":"Type your own CSS class"}},"template--17296018866492__e02825bf-07ec-4a8d-a197-ffb135d8cb98-16741398172111096e-1":{"type":"image","settings":{"image":"shopify:\/\/shop_images\/Banner_Ecoborn_2.jpg","text_position":"middle_center","subheading":"","title":"","content":"","button_1_text":"","button_1_link":"","button_2_text":"","button_2_link":"","text_color":"#ffffff","button_background":"#ffffff","button_text_color":"#000000","overlay_color":"#000000","overlay_opacity":0,"section_css_class":"Type your own CSS class"}},"6971e6ce-6a8a-4156-80f9-1d2e84ff544a":{"type":"image","disabled":true,"settings":{"text_position":"middle_center","subheading":"Tell your story","title":"Slide title","content":"","button_1_text":"","button_1_link":"","button_2_text":"","button_2_link":"","text_color":"#ffffff","button_background":"#ffffff","button_text_color":"#000000","overlay_color":"#000000","overlay_opacity":30,"section_css_class":"Type your own CSS class"}}},"block_order":["template--17296018866492__e02825bf-07ec-4a8d-a197-ffb135d8cb98-16741398172111096e-0","template--17296018866492__e02825bf-07ec-4a8d-a197-ffb135d8cb98-16741398172111096e-1","6971e6ce-6a8a-4156-80f9-1d2e84ff544a"],"settings":{"section_height":"auto","transition_type":"sweep","autoplay":true,"cycle_speed":5,"background":"rgba(0,0,0,0)"}},"d97e0391-9aee-4fa9-a2df-e7038bca9575":{"type":"rich-text","disabled":true,"settings":{"subheading":"","title":"","content":"<p>Adventure awaits! Make sure you’re prepared for your next exploration with the outdoor gear you need from Outdoor Nation. We’ve assembled some of the best outdoor performance wear and apparel available on the market from brands like Gillz, Reel Life, FinTech and Mad Pelican. <\/p><p>Join us on the adventure trail … to Outdoor Nation!<\/p>","button_text":"Order Here","button_link":"shopify:\/\/collections\/order-form","background_type":"full_width","text_width":"medium","text_position":"center","text_alignment":"center","background":"rgba(0,0,0,0)","text_color":"rgba(0,0,0,0)","button_background":"rgba(0,0,0,0)","button_text_color":"rgba(0,0,0,0)"}},"cc8833cb-a17d-482d-8b9b-0ae45b9e64fa":{"type":"promotion-blocks","disabled":true,"blocks":{"template--17296018866492__cc8833cb-a17d-482d-8b9b-0ae45b9e64fa-1671486632c711dd03-0":{"type":"image","settings":{"highlight":false,"subheading":"Subheading","title":"Image with text","link_text":"","link_url":"","link_style":"link","text_position":"middle_center","background":"#f7f8fd","text_color":"#1e316a","button_background":"#ffffff","button_text_color":"#1e316a"}},"template--17296018866492__cc8833cb-a17d-482d-8b9b-0ae45b9e64fa-1671486632c711dd03-1":{"type":"quote","settings":{"highlight":false,"subheading":"Subheading","content":"Use this text to share information about your brand with your customers.","author":"John S.","background":"#f7f8fd","text_color":"#1e316a"}},"template--17296018866492__cc8833cb-a17d-482d-8b9b-0ae45b9e64fa-1671486632c711dd03-2":{"type":"image","settings":{"highlight":false,"subheading":"Subheading","title":"Image with text","link_text":"","link_url":"","link_style":"link","text_position":"middle_center","background":"#f7f8fd","text_color":"#1e316a","button_background":"#ffffff","button_text_color":"#1e316a"}},"ed26beac-b852-40d9-ac56-6ebce491c764":{"type":"image","settings":{"highlight":false,"subheading":"Subheading","title":"Image with text","link_text":"","link_url":"","link_style":"link","text_position":"middle_center","background":"#f7f8fd","text_color":"#1e316a","button_background":"#ffffff","button_text_color":"#1e316a"}}},"block_order":["template--17296018866492__cc8833cb-a17d-482d-8b9b-0ae45b9e64fa-1671486632c711dd03-0","template--17296018866492__cc8833cb-a17d-482d-8b9b-0ae45b9e64fa-1671486632c711dd03-1","template--17296018866492__cc8833cb-a17d-482d-8b9b-0ae45b9e64fa-1671486632c711dd03-2","ed26beac-b852-40d9-ac56-6ebce491c764"],"settings":{"subheading":"Subheading","title":"Promotion blocks","section_size":"medium","stack_on_mobile":true,"background":"rgba(0,0,0,0)","text_color":"rgba(0,0,0,0)"}},"f9ec1feb-eba5-4077-a626-256e5950dbf6":{"type":"image-with-text","blocks":{"template--16941939294524__f9ec1feb-eba5-4077-a626-256e5950dbf6-16683918110c2eee05-0":{"type":"item","settings":{"image":"shopify:\/\/shop_images\/TERRA-X-BANNER_2.png","tab_label":"Item","subheading":"OUTDOOR NATION","title":"Where Nature Rules","content":"<p>Created by passionate enthusiasts of the outdoor lifestyle, Outdoor Nation exists to fuel your next adventure. Our apparel is designed to help you keep doing the things you love longer, and our collections feature some of best UV sun protection available, along with technology innovations, superior fabrics and modern design styling. We offer hard-core performance wear for serious anglers and durable outdoor wear for the trades and professions that spend all day in the elements. <\/p><p>In addition, Outdoor Nation is home to some of the best beach and boat wear for casual outings, as well as edgy, nature-inspired modern fashion that makes a statement. We are your one-stop outdoor apparel store for all your nature-inspired activities. Welcome to Outdoor Nation, where adventure is sovereign territory and nature rules.  <\/p>","button_text":"Order Now","button_link":"shopify:\/\/collections\/order-form"}},"1465dd62-097e-47a5-9573-ca1166babd05":{"type":"item","disabled":true,"settings":{"tab_label":"Item","subheading":"Subheading","title":"Image with text","content":"<p>Use image with text to give your customers insight into your brand. Select imagery and text that relates to your style and story.<\/p>","button_text":"","button_link":""}},"ca9cea2c-5a03-4c5d-9aea-3e4090dcf71a":{"type":"item","disabled":true,"settings":{"tab_label":"Item","subheading":"Subheading","title":"Image with text","content":"<p>Use image with text to give your customers insight into your brand. Select imagery and text that relates to your style and story.<\/p>","button_text":"","button_link":""}},"d25ad478-d090-40d7-a59c-8dc23e0be4ac":{"type":"item","disabled":true,"settings":{"tab_label":"Item","subheading":"Subheading","title":"Image with text","content":"<p>Use image with text to give your customers insight into your brand. Select imagery and text that relates to your style and story.<\/p>","button_text":"","button_link":""}}},"block_order":["template--16941939294524__f9ec1feb-eba5-4077-a626-256e5950dbf6-16683918110c2eee05-0","1465dd62-097e-47a5-9573-ca1166babd05","ca9cea2c-5a03-4c5d-9aea-3e4090dcf71a","d25ad478-d090-40d7-a59c-8dc23e0be4ac"],"settings":{"reveal_on_scroll":true,"background_type":"full_width","background_overlap":"image","image_position":"right","text_alignment":"center","cycle_speed":8,"accent_background":"#1a1818","text_color":"rgba(0,0,0,0)","button_background":"rgba(0,0,0,0)","button_text_color":"rgba(0,0,0,0)"}},"d845a136-a515-401e-8eb2-1edb6fb9bcb5":{"type":"press","disabled":true,"blocks":{"template--16941939294524__d845a136-a515-401e-8eb2-1edb6fb9bcb5-166839238720fc2597-0":{"type":"item","settings":{"logo":"shopify:\/\/shop_images\/582A9125_fd844862-63b3-48de-b5ab-fb77be82aac4.jpg","logo_width":100,"content":"A real team is a group of very different individuals who enjoy working together and who share a commitment to working cohesively to help the organization achieve its common goals and fulfill its purpose"}}},"block_order":["template--16941939294524__d845a136-a515-401e-8eb2-1edb6fb9bcb5-166839238720fc2597-0"],"settings":{"reveal_on_scroll":true,"background":"rgba(0,0,0,0)","text_color":"rgba(0,0,0,0)"}},"cb60df5f-d941-43ea-9392-0bc0acfbbcca":{"type":"timeline","disabled":true,"blocks":{"template--16941939294524__cb60df5f-d941-43ea-9392-0bc0acfbbcca-16683929270c4c21c1-0":{"type":"item","settings":{"image":"shopify:\/\/shop_images\/woman-about-page.jpg","label":"COMMUNICATION","title":"Stephanie Social Media Specialist","content":"<p>Write content about your store<\/p>","button_text":"","button_link":""}},"template--16941939294524__cb60df5f-d941-43ea-9392-0bc0acfbbcca-16683929270c4c21c1-1":{"type":"item","settings":{"label":"MARKETING","title":"Your heading","content":"<p>Write content about your store<\/p>","button_text":"","button_link":""}},"template--16941939294524__cb60df5f-d941-43ea-9392-0bc0acfbbcca-16683929270c4c21c1-2":{"type":"item","settings":{"label":"PRODUCT DESIGNER","title":"Your heading","content":"<p>Write content about your store<\/p>","button_text":"","button_link":""}}},"block_order":["template--16941939294524__cb60df5f-d941-43ea-9392-0bc0acfbbcca-16683929270c4c21c1-0","template--16941939294524__cb60df5f-d941-43ea-9392-0bc0acfbbcca-16683929270c4c21c1-1","template--16941939294524__cb60df5f-d941-43ea-9392-0bc0acfbbcca-16683929270c4c21c1-2"],"settings":{"subheading":"WE KNOW OUTDOOR","title":"","text_position":"middle","background":"rgba(0,0,0,0)","text_color":"rgba(0,0,0,0)","item_background":"rgba(0,0,0,0)","item_text_color":"rgba(0,0,0,0)"}},"61167d97-ca19-489a-88ff-ecdb6fd49bdd":{"type":"gallery","disabled":true,"blocks":{"template--16941939294524__61167d97-ca19-489a-88ff-ecdb6fd49bdd-16683918119008baaa-0":{"type":"image","settings":{"image":"shopify:\/\/shop_images\/Group_5027.jpg","caption":""}},"template--16941939294524__61167d97-ca19-489a-88ff-ecdb6fd49bdd-16683918119008baaa-1":{"type":"image","settings":{"image":"shopify:\/\/shop_images\/Group_5028.jpg","caption":""}},"template--16941939294524__61167d97-ca19-489a-88ff-ecdb6fd49bdd-16683918119008baaa-2":{"type":"image","settings":{"image":"shopify:\/\/shop_images\/Group_5029.jpg","caption":""}},"6b80488e-0edd-4827-9957-ecf7490c3127":{"type":"image","settings":{"image":"shopify:\/\/shop_images\/contact-us-about.jpg","caption":""}}},"block_order":["template--16941939294524__61167d97-ca19-489a-88ff-ecdb6fd49bdd-16683918119008baaa-0","template--16941939294524__61167d97-ca19-489a-88ff-ecdb6fd49bdd-16683918119008baaa-1","template--16941939294524__61167d97-ca19-489a-88ff-ecdb6fd49bdd-16683918119008baaa-2","6b80488e-0edd-4827-9957-ecf7490c3127"],"settings":{"subheading":"BEHIND THE SCENE","title":"","show_arrows":true,"background":"#1a1818","text_color":"#ffffff"}},"77de1544-88ba-4c1e-856e-c32716c5dae7":{"type":"multi-column","disabled":true,"blocks":{"template--16941939294524__77de1544-88ba-4c1e-856e-c32716c5dae7-1668392387c6734ccf-0":{"type":"item","settings":{"image":"shopify:\/\/shop_images\/Rectangle_6137.jpg","image_width":100,"image_border":"rgba(0,0,0,0)","title":"Sustainability Above All","content":"<p>Above all else, we are citizens of Planet Earth. That’s why environmental responsibility and sustainability are central to our mission and our family of brand partners. In addition to a wide range of recycled materials in our products, Outdoor Nation’s brands regularly support and participate in community sustainability efforts, such as beach cleanups and more.<\/p>","link_text":"","link_url":"","link_style":"link","text_alignment":"left","vertical_alignment":"start"}},"template--16941939294524__77de1544-88ba-4c1e-856e-c32716c5dae7-1668392387c6734ccf-1":{"type":"item","settings":{"image":"shopify:\/\/shop_images\/Rectangle_6138.jpg","image_width":100,"image_border":"rgba(0,0,0,0)","title":"Born in the Florida Surf","content":"<p>Outdoor Nation’s brands all got their start as unique apparel options in the local Florida coastal markets and specialty outfitter shops. Each was launched to address an underserved slice of the Florida outdoor apparel market by driving innovation, technology, quality and design. <\/p>","link_text":"","link_url":"","link_style":"link","text_alignment":"left","vertical_alignment":"start"}},"template--16941939294524__77de1544-88ba-4c1e-856e-c32716c5dae7-1668392387c6734ccf-2":{"type":"item","settings":{"image":"shopify:\/\/shop_images\/Rectangle_6139.jpg","image_width":100,"image_border":"rgba(0,0,0,0)","title":"Communities Not Shareholders","content":"<p>We’re not just clothing retailers. We’re passionate outdoor enthusiasts that want amazing apparel so we can keep doing more of what we love. We live, work, and play in the same outdoor hangouts that you do, and we work hard to support healthy communities by actively promoting skin cancer awareness and much more.    <\/p>","link_text":"","link_url":"","link_style":"link","text_alignment":"left","vertical_alignment":"start"}},"template--16941939294524__77de1544-88ba-4c1e-856e-c32716c5dae7-1668392387c6734ccf-3":{"type":"item","disabled":true,"settings":{"image_width":100,"image_border":"rgba(0,0,0,0)","title":"Column 1","content":"<p>Pair text with an image to focus on your chosen product, collection, or blog post. Add details on availability, style, or even provide a review.<\/p>","link_text":"","link_url":"","link_style":"link","text_alignment":"center","vertical_alignment":"start"}}},"block_order":["template--16941939294524__77de1544-88ba-4c1e-856e-c32716c5dae7-1668392387c6734ccf-0","template--16941939294524__77de1544-88ba-4c1e-856e-c32716c5dae7-1668392387c6734ccf-1","template--16941939294524__77de1544-88ba-4c1e-856e-c32716c5dae7-1668392387c6734ccf-2","template--16941939294524__77de1544-88ba-4c1e-856e-c32716c5dae7-1668392387c6734ccf-3"],"settings":{"reveal_on_scroll":true,"stack_items":false,"subheading":"THE OUTDOOR NATION","title":"DIFFERENCE","content":"","column_alignment":"center","mobile_item_size":"large","desktop_item_size":"large","spacing":"normal","background":"rgba(0,0,0,0)","text_color":"rgba(0,0,0,0)"}},"cec3dd47-684a-4746-838b-5a300bfc2284":{"type":"featured-collections","disabled":true,"blocks":{"template--17296018866492__cec3dd47-684a-4746-838b-5a300bfc2284-1674139706d8d2c892-0":{"type":"collection","settings":{"collection":"adventure-wholesale","label":"","button_text":"","button_url":""}}},"block_order":["template--17296018866492__cec3dd47-684a-4746-838b-5a300bfc2284-1674139706d8d2c892-0"],"settings":{"subheading":"","title":"Adventure+ collection","content":"","products_count":4,"products_per_row":4,"stack_products":true,"show_cta":false,"background":"rgba(0,0,0,0)","text_color":"rgba(0,0,0,0)","button_background":"rgba(0,0,0,0)","button_text_color":"rgba(0,0,0,0)"}},"c6f7aec0-b1bc-4573-8e20-c3fe56fa2578":{"type":"image-with-text","blocks":{"template--17296018866492__c6f7aec0-b1bc-4573-8e20-c3fe56fa2578-1674591436e4c36af7-0":{"type":"item","settings":{"image":"shopify:\/\/shop_images\/LIGHT-WEIGHT-LAYERING-STORY.png","tab_label":"Item","subheading":"Subheading","title":"Image with text","content":"<p>Use image with text to give your customers insight into your brand. Select imagery and text that relates to your style and story.<\/p>","button_text":"","button_link":""}}},"block_order":["template--17296018866492__c6f7aec0-b1bc-4573-8e20-c3fe56fa2578-1674591436e4c36af7-0"],"settings":{"reveal_on_scroll":true,"background_type":"full_width","background_overlap":"image","image_position":"left","text_alignment":"center","cycle_speed":8,"accent_background":"#1a1818","text_color":"#1a1818","button_background":"rgba(0,0,0,0)","button_text_color":"rgba(0,0,0,0)"}},"b01a5e63-5acf-4d11-9d24-dee3c845c50d":{"type":"featured-collections","disabled":true,"blocks":{"ca6a6196-d3ec-468d-9757-7b1a64bcffa5":{"type":"collection","settings":{"collection":"hydrox-wholesale","label":"","button_text":"","button_url":""}}},"block_order":["ca6a6196-d3ec-468d-9757-7b1a64bcffa5"],"settings":{"subheading":"","title":"Hydrox collection","content":"","products_count":4,"products_per_row":4,"stack_products":true,"show_cta":false,"background":"rgba(0,0,0,0)","text_color":"rgba(0,0,0,0)","button_background":"rgba(0,0,0,0)","button_text_color":"rgba(0,0,0,0)"}},"5b7de914-d1b3-4e59-a645-bcece50409b1":{"type":"image-with-text","blocks":{"template--17296018866492__5b7de914-d1b3-4e59-a645-bcece50409b1-1674591436e4c36af7-0":{"type":"item","settings":{"image":"shopify:\/\/shop_images\/BAMBOO-STORY.png","tab_label":"Item","subheading":"Subheading","title":"Image with text","content":"<p>Use image with text to give your customers insight into your brand. Select imagery and text that relates to your style and story.<\/p>","button_text":"","button_link":""}}},"block_order":["template--17296018866492__5b7de914-d1b3-4e59-a645-bcece50409b1-1674591436e4c36af7-0"],"settings":{"reveal_on_scroll":true,"background_type":"full_width","background_overlap":"image","image_position":"right","text_alignment":"center","cycle_speed":8,"accent_background":"#1a1818","text_color":"rgba(0,0,0,0)","button_background":"rgba(0,0,0,0)","button_text_color":"rgba(0,0,0,0)"}},"4dd7bc88-7e2f-4300-9414-40865a3196d0":{"type":"featured-collections","disabled":true,"blocks":{"4040c0d4-fd9a-4be8-8b72-88103581919b":{"type":"collection","settings":{"collection":"bamboo-wholesale","label":"","button_text":"","button_url":""}}},"block_order":["4040c0d4-fd9a-4be8-8b72-88103581919b"],"settings":{"subheading":"","title":"Bamboo Collection","content":"","products_count":4,"products_per_row":4,"stack_products":true,"show_cta":false,"background":"rgba(0,0,0,0)","text_color":"rgba(0,0,0,0)","button_background":"rgba(0,0,0,0)","button_text_color":"rgba(0,0,0,0)"}},"55bc1538-4240-4549-b3f3-01922957b695":{"type":"image-with-text","blocks":{"template--17296018866492__55bc1538-4240-4549-b3f3-01922957b695-1674591436e4c36af7-0":{"type":"item","settings":{"image":"shopify:\/\/shop_images\/WOVEN-SHIRT-STORY.png","tab_label":"Item","subheading":"Subheading","title":"Image with text","content":"<p>Use image with text to give your customers insight into your brand. Select imagery and text that relates to your style and story.<\/p>","button_text":"","button_link":""}}},"block_order":["template--17296018866492__55bc1538-4240-4549-b3f3-01922957b695-1674591436e4c36af7-0"],"settings":{"reveal_on_scroll":true,"background_type":"full_width","background_overlap":"image","image_position":"left","text_alignment":"center","cycle_speed":8,"accent_background":"#1a1818","text_color":"rgba(0,0,0,0)","button_background":"rgba(0,0,0,0)","button_text_color":"rgba(0,0,0,0)"}},"1c0cbe7c-a9e1-463c-8fe2-6f577e9861a3":{"type":"contact-form","disabled":true,"blocks":{"cd538186-565a-4f9a-9b15-1e4e9112f451":{"type":"text","settings":{"title":"Custom field","use_long_text":false,"is_required":false}}},"block_order":["cd538186-565a-4f9a-9b15-1e4e9112f451"],"settings":{"image":"shopify:\/\/shop_images\/contact-us-about.jpg","title":"Contact Us","content":"","text_1_heading":"﻿25 2nd Street South        ﻿Jacksonville, Florida 32250","text_1_text":"","text_2_heading":"﻿(904) 479-2906  Email:info@gillz-gear.com","text_2_text":"","background":"rgba(0,0,0,0)","text_color":"rgba(0,0,0,0)","button_background":"rgba(0,0,0,0)","button_text_color":"rgba(0,0,0,0)"}},"b1495709-42ca-4017-a2e2-2caee525dd42":{"type":"text-with-icons","disabled":true,"blocks":{"template--16941939294524__b1495709-42ca-4017-a2e2-2caee525dd42-1668392927521b5b8d-0":{"type":"item","settings":{"icon":"picto-box","custom_icon_width":50,"title":"Free shipping","content":"<p>Free worldwide shipping and returns - customs and duties taxes included<\/p>"}},"template--16941939294524__b1495709-42ca-4017-a2e2-2caee525dd42-1668392927521b5b8d-1":{"type":"item","settings":{"icon":"picto-phone","custom_icon_width":50,"title":"Customer service","content":"<p>We are available from monday to friday to answer your questions.<\/p>"}},"template--16941939294524__b1495709-42ca-4017-a2e2-2caee525dd42-1668392927521b5b8d-2":{"type":"item","settings":{"icon":"picto-lock","custom_icon_width":50,"title":"Secure payment","content":"<p>Your payment information is processed securely.<\/p>"}},"template--16941939294524__b1495709-42ca-4017-a2e2-2caee525dd42-1668392927521b5b8d-3":{"type":"item","settings":{"icon":"picto-email","custom_icon_width":50,"title":"Contact us","content":"<p>Need to contact us ? Just send us an e-mail at info@yourstore.com<\/p>"}}},"block_order":["template--16941939294524__b1495709-42ca-4017-a2e2-2caee525dd42-1668392927521b5b8d-0","template--16941939294524__b1495709-42ca-4017-a2e2-2caee525dd42-1668392927521b5b8d-1","template--16941939294524__b1495709-42ca-4017-a2e2-2caee525dd42-1668392927521b5b8d-2","template--16941939294524__b1495709-42ca-4017-a2e2-2caee525dd42-1668392927521b5b8d-3"],"settings":{"background":"#1a1818","text_color":"#ffffff"}},"61d15576-2ba6-4206-acf5-4383662ebd53":{"type":"newsletter","settings":{"reveal_on_scroll":true,"image":"shopify:\/\/shop_images\/SUBSCRIBE_banner_1_2.jpg","subheading":"Subscribe to our newsletter","content":"<p>Promotions, new products and sales. Directly to your inbox.<\/p>","text_position":"left","text_alignment":"left","text_background":"rgba(0,0,0,0)","text_color":"rgba(0,0,0,0)","button_background":"#f06a22","button_text_color":"rgba(0,0,0,0)"}},"a8b8aa59-a9d2-4e9c-9fa5-705e2751526a":{"type":"featured-collections","blocks":{"template--17296018866492__a8b8aa59-a9d2-4e9c-9fa5-705e2751526a-16747470519d62c915-0":{"type":"collection","settings":{"collection":"mens","label":"","button_text":"","button_url":""}}},"block_order":["template--17296018866492__a8b8aa59-a9d2-4e9c-9fa5-705e2751526a-16747470519d62c915-0"],"settings":{"subheading":"Your title","title":"Collection","content":"","products_count":8,"products_per_row":4,"stack_products":true,"show_cta":false,"background":"rgba(0,0,0,0)","text_color":"rgba(0,0,0,0)","button_background":"rgba(0,0,0,0)","button_text_color":"rgba(0,0,0,0)"}},"142b1a60-2383-41da-95fb-ff1a6a61b2dd":{"type":"featured-collections","blocks":{"template--17296018866492__142b1a60-2383-41da-95fb-ff1a6a61b2dd-16747470519d62c915-0":{"type":"collection","settings":{"collection":"hoodies","label":"","button_text":"","button_url":""}}},"block_order":["template--17296018866492__142b1a60-2383-41da-95fb-ff1a6a61b2dd-16747470519d62c915-0"],"settings":{"subheading":"Your title","title":"Collection","content":"","products_count":8,"products_per_row":4,"stack_products":true,"show_cta":false,"background":"rgba(0,0,0,0)","text_color":"rgba(0,0,0,0)","button_background":"rgba(0,0,0,0)","button_text_color":"rgba(0,0,0,0)"}},"7f907e05-b21e-4556-bb5e-cf2cbff986c3":{"type":"featured-collections","blocks":{"template--17296018866492__7f907e05-b21e-4556-bb5e-cf2cbff986c3-16747470519d62c915-0":{"type":"collection","settings":{"collection":"all-shortsleeve","label":"","button_text":"","button_url":""}}},"block_order":["template--17296018866492__7f907e05-b21e-4556-bb5e-cf2cbff986c3-16747470519d62c915-0"],"settings":{"subheading":"Your title","title":"Collection","content":"","products_count":8,"products_per_row":4,"stack_products":true,"show_cta":false,"background":"rgba(0,0,0,0)","text_color":"rgba(0,0,0,0)","button_background":"rgba(0,0,0,0)","button_text_color":"rgba(0,0,0,0)"}},"d8e96eb4-69c6-4a70-be01-3d7b92a7f590":{"type":"featured-collections","blocks":{"template--17296018866492__d8e96eb4-69c6-4a70-be01-3d7b92a7f590-16747470519d62c915-0":{"type":"collection","settings":{"collection":"womens","label":"","button_text":"","button_url":""}}},"block_order":["template--17296018866492__d8e96eb4-69c6-4a70-be01-3d7b92a7f590-16747470519d62c915-0"],"settings":{"subheading":"Your title","title":"Collection","content":"","products_count":8,"products_per_row":4,"stack_products":true,"show_cta":false,"background":"rgba(0,0,0,0)","text_color":"rgba(0,0,0,0)","button_background":"rgba(0,0,0,0)","button_text_color":"rgba(0,0,0,0)"}}},"order":["main","e02825bf-07ec-4a8d-a197-ffb135d8cb98","d97e0391-9aee-4fa9-a2df-e7038bca9575","cc8833cb-a17d-482d-8b9b-0ae45b9e64fa","f9ec1feb-eba5-4077-a626-256e5950dbf6","d845a136-a515-401e-8eb2-1edb6fb9bcb5","cb60df5f-d941-43ea-9392-0bc0acfbbcca","61167d97-ca19-489a-88ff-ecdb6fd49bdd","77de1544-88ba-4c1e-856e-c32716c5dae7","cec3dd47-684a-4746-838b-5a300bfc2284","c6f7aec0-b1bc-4573-8e20-c3fe56fa2578","b01a5e63-5acf-4d11-9d24-dee3c845c50d","5b7de914-d1b3-4e59-a645-bcece50409b1","4dd7bc88-7e2f-4300-9414-40865a3196d0","55bc1538-4240-4549-b3f3-01922957b695","1c0cbe7c-a9e1-463c-8fe2-6f577e9861a3","b1495709-42ca-4017-a2e2-2caee525dd42","61d15576-2ba6-4206-acf5-4383662ebd53","a8b8aa59-a9d2-4e9c-9fa5-705e2751526a","142b1a60-2383-41da-95fb-ff1a6a61b2dd","7f907e05-b21e-4556-bb5e-cf2cbff986c3","d8e96eb4-69c6-4a70-be01-3d7b92a7f590"]}