{"sections":{"main":{"type":"main-page","disabled":true,"settings":{"show_title":true,"page_width":"medium"}},"contact-form":{"type":"contact-form","settings":{"title":"Contact Us","content":"","text_1_heading":"","text_1_text":"","text_2_heading":"","text_2_text":"","background":"rgba(0,0,0,0)","text_color":"rgba(0,0,0,0)","button_background":"#f06a22","button_text_color":"rgba(0,0,0,0)"}},"5b585852-0a65-4bab-94a9-96466d76096e":{"type":"text-with-icons","blocks":{"template--16792990777660__5b585852-0a65-4bab-94a9-96466d76096e-1668576066bbe5fc17-0":{"type":"item","settings":{"icon":"picto-box","custom_icon_width":50,"title":"Free shipping","content":"<p>Free U.S. shipping on every order over $75<\/p>"}},"template--16792990777660__5b585852-0a65-4bab-94a9-96466d76096e-1668576066bbe5fc17-1":{"type":"item","settings":{"icon":"picto-phone","custom_icon_width":50,"title":"Customer service","content":"<p>We are available Monday - Friday to answer your questions at (904) 479-2906<\/p>"}},"template--16792990777660__5b585852-0a65-4bab-94a9-96466d76096e-1668576066bbe5fc17-2":{"type":"item","settings":{"icon":"picto-lock","custom_icon_width":50,"title":"Secure payment","content":"<p>Your payment information is processed securely.<\/p>"}},"template--16792990777660__5b585852-0a65-4bab-94a9-96466d76096e-1668576066bbe5fc17-3":{"type":"item","settings":{"icon":"picto-email","custom_icon_width":50,"title":"Contact us","content":"<p>Need to contact us ? Just send us an e-mail at info@outdoornation.com<\/p>"}}},"block_order":["template--16792990777660__5b585852-0a65-4bab-94a9-96466d76096e-1668576066bbe5fc17-0","template--16792990777660__5b585852-0a65-4bab-94a9-96466d76096e-1668576066bbe5fc17-1","template--16792990777660__5b585852-0a65-4bab-94a9-96466d76096e-1668576066bbe5fc17-2","template--16792990777660__5b585852-0a65-4bab-94a9-96466d76096e-1668576066bbe5fc17-3"],"settings":{"background":"#1a1818","text_color":"#f5f5f5"}},"4d7d6620-b96e-4047-b5d3-c47c8252a6e3":{"type":"newsletter","settings":{"reveal_on_scroll":true,"image":"shopify:\/\/shop_images\/SUBSCRIBE_banner_1_2.jpg","subheading":"Subscribe to our newsletter","content":"<p>Promotions, new products and sales. Directly to your inbox.<\/p>","text_position":"left","text_alignment":"left","text_background":"rgba(0,0,0,0)","text_color":"rgba(0,0,0,0)","button_background":"#f06a22","button_text_color":"rgba(0,0,0,0)"}}},"order":["main","contact-form","5b585852-0a65-4bab-94a9-96466d76096e","4d7d6620-b96e-4047-b5d3-c47c8252a6e3"]}