{"sections":{"f1289088-5498-43f4-bb66-eb311d332e8b":{"type":"slideshow","blocks":{"template--19041015464252__f1289088-5498-43f4-bb66-eb311d332e8b-1683660497a046f62f-0":{"type":"image","settings":{"image":"shopify:\/\/shop_images\/DSC09643_1_1_2.png","mobile_image":"shopify:\/\/shop_images\/DSC09643_1_2_2.png","text_position":"middle_left","subheading":"","title":"5 reasons why people are raving about the pro series short sleeve uv","content":"","button_1_text":"SHOP NOW","button_1_link":"#bottom-button","button_2_text":"","button_2_link":"","text_color":"#ffffff","button_background":"#f06a22","button_text_color":"#ffffff","overlay_color":"#000000","overlay_opacity":0,"section_css_class":"{{ page.metafields.custom.anchor_tag.value }}"}},"template--19041015464252__f1289088-5498-43f4-bb66-eb311d332e8b-1683660497a046f62f-1":{"type":"image","disabled":true,"settings":{"text_position":"middle_center","subheading":"Tell your story","title":"Slide 2","content":"<p><\/p>","button_1_text":"","button_1_link":"","button_2_text":"","button_2_link":"","text_color":"#ffffff","button_background":"#ffffff","button_text_color":"#000000","overlay_color":"#000000","overlay_opacity":30,"section_css_class":"Type your own CSS class"}}},"block_order":["template--19041015464252__f1289088-5498-43f4-bb66-eb311d332e8b-1683660497a046f62f-0","template--19041015464252__f1289088-5498-43f4-bb66-eb311d332e8b-1683660497a046f62f-1"],"settings":{"section_height":"auto","transition_type":"sweep","autoplay":true,"cycle_speed":5,"background":"rgba(0,0,0,0)"}},"main":{"type":"main-page","disabled":true,"custom_css":[],"settings":{"show_title":false,"page_width":"large"}},"a393c9d9-7da3-4fa5-8027-12007e955771":{"type":"custom-html","custom_css":[],"settings":{"subheading":"","title":"","html":"<div class=\"col-container\">\n  <div class=\"left-col\">\n    <img class=\"main-img\" src=\"https:\/\/cdn.shopify.com\/s\/files\/1\/0669\/6425\/9132\/files\/Rectangle_35_3.png?v=1683645494\"> \n    <img class=\"number\" src=\"https:\/\/cdn.shopify.com\/s\/files\/1\/0669\/6425\/9132\/files\/Group_65.png?v=1683646450\"> \n  <\/div>\n  <div class=\"right-col\">\n <div class=\"background\">\n    <h2>ULTRA COOLING<\/h2>\n    <p>The Pro Series Short Sleeve UV Shirt provides ultimate comfort and performance, whether engaging in rigorous activities or simply enjoying a day in the sun. Made with advanced technology that helps regulate body temperature, keeping you cool and dry.<\/p>\n    <\/div>\n  <\/div>\n<\/div>","add_vertical_spacing":true,"background_type":"boxed","background":"rgba(0,0,0,0)","text_color":"rgba(0,0,0,0)"}},"0345bafa-6dae-414a-b1bc-0c7e20d9f2f2":{"type":"custom-html","settings":{"subheading":"","title":"","html":"<div class=\"col-container\">\n  <div class=\"left-col\">\n    <img class=\"main-img\" src=\"https:\/\/cdn.shopify.com\/s\/files\/1\/0669\/6425\/9132\/files\/Rectangle_38.png?v=1683646126\"> \n    <img class=\"number\" src=\"https:\/\/cdn.shopify.com\/s\/files\/1\/0669\/6425\/9132\/files\/Group_66.png?v=1683646538\"> \n  <\/div>\n  <div class=\"right-col\">\n <div class=\"background\">\n    <h2>UPF 50+ UV Protection<\/h2>\n    <p>The GILLZTEC proprietary fabric used in the UV Shirt was developed with UPF 50+ UV-blocking technology, which provides superior protection against the sun's harmful rays.<\/p>\n<p>UV rays cause skin damage, including sunburn, premature aging, and an increased risk of skin cancer. Protecting your skin is crucial, especially when spending extended periods outdoors. <\/p>\n    <\/div>\n  <\/div>\n<\/div>","add_vertical_spacing":true,"background_type":"boxed","background":"rgba(0,0,0,0)","text_color":"rgba(0,0,0,0)"}},"a69a05f1-38b4-481e-a30b-a481439f7f7c":{"type":"custom-html","settings":{"subheading":"","title":"","html":"<div class=\"col-container\">\n  <div class=\"left-col\">\n    <img class=\"main-img\" src=\"https:\/\/cdn.shopify.com\/s\/files\/1\/0669\/6425\/9132\/files\/Group_63_2.png?v=1683646323\"> \n    <img class=\"number\" src=\"https:\/\/cdn.shopify.com\/s\/files\/1\/0669\/6425\/9132\/files\/Group_64.png?v=1683646483\"> \n  <\/div>\n  <div class=\"right-col\">\n <div class=\"background\">\n    <h2>OUTLAST THE COMPETITION<\/h2>\n<h2 style=\"margin-top: -15px;\">WITH SUPERIOR QUALITY<\/h2>\n    <p>Engineered to provide optimal performance and protection, outlast the competition, and stay comfortable throughout the day.<\/p>\n<p>Featuring modified shoulder shaping and no-seam, breathable underarm gussets, allowing for better freedom of movement. High-quality outdoor gear built to last, providing long-lasting value! <\/p>\n    <\/div>\n  <\/div>\n<\/div>","add_vertical_spacing":true,"background_type":"boxed","background":"rgba(0,0,0,0)","text_color":"rgba(0,0,0,0)"}},"48f8ecaf-a536-4ad1-aa16-3034e6137560":{"type":"custom-html","settings":{"subheading":"","title":"","html":"<div class=\"col-container\">\n  <div class=\"left-col\">\n    <img class=\"main-img\" src=\"https:\/\/cdn.shopify.com\/s\/files\/1\/0669\/6425\/9132\/files\/Rectangle_48.png?v=1683646126\"> \n    <img class=\"number\" src=\"https:\/\/cdn.shopify.com\/s\/files\/1\/0669\/6425\/9132\/files\/Group_68.png?v=1683646450\"> \n  <\/div>\n  <div class=\"right-col\">\n <div class=\"background\">\n    <h2>5-STAR REVIEWS<\/h2>\n    <p>The Pro Series Short Sleeve is undeniably the best shirt for outdoors enthusiasts. With a track record of 5-star reviews and a solid customer base, we're equipped to elevate your daily essentials.<\/p>\n    <\/div>\n  <\/div>\n<\/div>","add_vertical_spacing":true,"background_type":"boxed","background":"rgba(0,0,0,0)","text_color":"rgba(0,0,0,0)"}},"c872bb9c-0fab-458f-ac02-ff898bc26fb8":{"type":"custom-html","settings":{"subheading":"","title":"","html":"<div class=\"col-container\">\n  <div class=\"left-col\">\n    <img class=\"main-img\" src=\"https:\/\/cdn.shopify.com\/s\/files\/1\/0669\/6425\/9132\/files\/Artboard_13.jpg?v=1683741650\"> \n    <img class=\"number\" src=\"https:\/\/cdn.shopify.com\/s\/files\/1\/0669\/6425\/9132\/files\/Group_69.png?v=1683646450\"> \n  <\/div>\n  <div class=\"right-col\">\n <div class=\"background\">\n    <h2>35-DAY RISK FREE GUARANTEE<\/h2>\n    <p>Merchandise may be returned within 35 days from the invoice date for a full refund. Item(s) may be returned to the original form of payment or to an Outdoor Nation E-gift card. Your item(s) must be in new unworn condition in the original packaging to receive a full refund.<\/p>\n    <\/div>\n  <\/div>\n<\/div>","add_vertical_spacing":true,"background_type":"boxed","background":"rgba(0,0,0,0)","text_color":"rgba(0,0,0,0)"}},"b02f556f-ca4f-48c0-84af-3e6e1e529794":{"type":"testimonials","blocks":{"template--19041015464252__b02f556f-ca4f-48c0-84af-3e6e1e529794-16836564455783693d-0":{"type":"testimonial","settings":{"content":"As an angler, I spend a lot of time in the sun and on the water. The Pro Series UV Shirt has been a game-changer for me. The UPF 50+ UV-blocking technology protects my skin, and the breathable underarm gussets keep me cool and comfortable, even on the hottest days.","author":"John, Key West"}},"template--19041015464252__b02f556f-ca4f-48c0-84af-3e6e1e529794-16836564455783693d-1":{"type":"testimonial","settings":{"content":"What a great workout shirt. I have ordered many of these shirts for all my outdoor activities, including lifting weights, rollerblading, and paddle boarding. It is cool and comfortable with great sun protection!","author":"Jim P."}},"template--19041015464252__b02f556f-ca4f-48c0-84af-3e6e1e529794-16836564455783693d-2":{"type":"testimonial","settings":{"content":"LOVE IT! Great shirt - fits well, great material!","author":"David L."}},"7a9e06b8-06bc-457a-9aed-4f685799f104":{"type":"testimonial","settings":{"content":"Extremely comfortable and fits great!","author":"Christian W."}}},"block_order":["template--19041015464252__b02f556f-ca4f-48c0-84af-3e6e1e529794-16836564455783693d-0","template--19041015464252__b02f556f-ca4f-48c0-84af-3e6e1e529794-16836564455783693d-1","template--19041015464252__b02f556f-ca4f-48c0-84af-3e6e1e529794-16836564455783693d-2","7a9e06b8-06bc-457a-9aed-4f685799f104"],"settings":{"reveal_on_scroll":true,"subheading":"","title":"","background":"#f7f7f9","text_color":"rgba(0,0,0,0)"}},"399d8728-227c-4d1d-a30b-4e14a37ee595":{"type":"custom-html","custom_css":["p {margin: 0; padding: 0;}"],"settings":{"subheading":"","title":"","html":"<p id=\"bottom-button\" style=\"\"><\/p>","add_vertical_spacing":true,"background_type":"full_width","background":"rgba(0,0,0,0)","text_color":"rgba(0,0,0,0)"}},"082d5b91-ac24-4a88-a2dd-e9ada8f67619":{"type":"image-with-text","blocks":{"template--19041015464252__082d5b91-ac24-4a88-a2dd-e9ada8f67619-16836587802f730eef-0":{"type":"item","settings":{"image":"shopify:\/\/shop_images\/GUV253075-314FRONT-PhotoRoom_1_2.png","tab_label":"Item","subheading":"PRO SERiES","title":"SHORT SLEEVE UV","content":"<p>Use image with text to give your customers insight into your brand. Select imagery and text that relates to your style and story.<\/p>","button_text":"SHOP NOW","other_image":"shopify:\/\/shop_images\/Group_73.svg","button_link":"https:\/\/outdoornation.com\/products\/gillz-mens-pro-series-ss-uv?variant=44204952158524"}}},"block_order":["template--19041015464252__082d5b91-ac24-4a88-a2dd-e9ada8f67619-16836587802f730eef-0"],"custom_css":[".button {padding: 5px 40px !important;}",".button:hover {background-color: #000;}","section {margin-top: -150px;}"],"settings":{"reveal_on_scroll":true,"background_type":"full_width","background_overlap":"both","image_position":"left","text_alignment":"left","cycle_speed":8,"accent_background":"rgba(0,0,0,0)","text_color":"rgba(0,0,0,0)","button_background":"#f06a22","button_text_color":"#ffffff"}},"d355e2b3-d215-450d-83fc-829483340b4d":{"type":"text-with-icons","blocks":{"template--19041015464252__d355e2b3-d215-450d-83fc-829483340b4d-1683656198fa288587-0":{"type":"item","settings":{"icon":"picto-box","custom_icon_width":50,"title":"Free shipping","content":"<p>Free U.S. shipping on every order over $75<\/p>"}},"template--19041015464252__d355e2b3-d215-450d-83fc-829483340b4d-1683656198fa288587-1":{"type":"item","settings":{"icon":"picto-phone","custom_icon_width":50,"title":"Customer service","content":"<p>We are available Monday to Friday to answer your questions at <a href=\"tel:(904)479-2906\">(904)479-2906<\/a><\/p>"}},"template--19041015464252__d355e2b3-d215-450d-83fc-829483340b4d-1683656198fa288587-2":{"type":"item","settings":{"icon":"picto-lock","custom_icon_width":50,"title":"Secure payment","content":"<p>Your payment information is processed securely.<\/p>"}},"template--19041015464252__d355e2b3-d215-450d-83fc-829483340b4d-1683656198fa288587-3":{"type":"item","settings":{"icon":"picto-email","custom_icon_width":50,"title":"Contact us","content":"<p>Need to contact us ? Just send us an e-mail at <a href='mailto:info@outdoornation.com'>info@outdoornation.com<\/a><\/p>"}}},"block_order":["template--19041015464252__d355e2b3-d215-450d-83fc-829483340b4d-1683656198fa288587-0","template--19041015464252__d355e2b3-d215-450d-83fc-829483340b4d-1683656198fa288587-1","template--19041015464252__d355e2b3-d215-450d-83fc-829483340b4d-1683656198fa288587-2","template--19041015464252__d355e2b3-d215-450d-83fc-829483340b4d-1683656198fa288587-3"],"settings":{"background":"#1a1818","text_color":"#ffffff"}}},"order":["f1289088-5498-43f4-bb66-eb311d332e8b","main","a393c9d9-7da3-4fa5-8027-12007e955771","0345bafa-6dae-414a-b1bc-0c7e20d9f2f2","a69a05f1-38b4-481e-a30b-a481439f7f7c","48f8ecaf-a536-4ad1-aa16-3034e6137560","c872bb9c-0fab-458f-ac02-ff898bc26fb8","b02f556f-ca4f-48c0-84af-3e6e1e529794","399d8728-227c-4d1d-a30b-4e14a37ee595","082d5b91-ac24-4a88-a2dd-e9ada8f67619","d355e2b3-d215-450d-83fc-829483340b4d"]}