{"sections":{"main":{"type":"main-page","disabled":true,"settings":{"show_title":false,"page_width":"large"}},"4f8ffcf4-7793-4733-8c7b-cac9e65f26fb":{"type":"newsletter","disabled":true,"settings":{"reveal_on_scroll":true,"image":"shopify:\/\/shop_images\/SUBSCRIBE_banner_1_2.jpg","subheading":"Subscribe to our newsletter","content":"<p>Promotions, new products and sales. Directly to your inbox.<\/p>","text_position":"left","text_alignment":"left","text_background":"rgba(0,0,0,0)","text_color":"rgba(0,0,0,0)","button_background":"#f06a22","button_text_color":"rgba(0,0,0,0)"}},"7c185758-be06-486f-8e88-de454a361d03":{"type":"custom-liquid","settings":{"subheading":"","title":"{{ page.title }}","liquid":"","add_vertical_spacing":true,"background_type":"full_width","background":"rgba(0,0,0,0)","text_color":"rgba(0,0,0,0)"}},"16769066852685439e":{"type":"apps","blocks":{"4dd65f9b-846d-48f7-a2a1-ff720762e825":{"type":"shopify:\/\/apps\/okendo-product-reviews-ugc\/blocks\/reviews-widget\/bb689e69-ea70-4661-8fb7-ad24a2e23c29","settings":{"product":"","widget_type":"reviews_widget"}}},"block_order":["4dd65f9b-846d-48f7-a2a1-ff720762e825"],"settings":{"include_horizontal_margins":true,"include_vertical_margins":true}}},"order":["main","4f8ffcf4-7793-4733-8c7b-cac9e65f26fb","7c185758-be06-486f-8e88-de454a361d03","16769066852685439e"]}