{"sections":{"main":{"type":"main-page","disabled":true,"settings":{"show_title":true,"page_width":"medium"}},"ab1cecc8-12d3-4b89-a949-c83c47bd68d8":{"type":"slideshow","blocks":{"template--16792990974268__ab1cecc8-12d3-4b89-a949-c83c47bd68d8-166813587475420fd0-0":{"type":"image","settings":{"image":"shopify:\/\/shop_images\/Group_4824_1a3fbdc1-908d-4dc7-9f1d-7db90d2fddd8.jpg","mobile_image":"shopify:\/\/shop_images\/Group_4834_0b49a1b5-5d76-44b7-ad22-f8ccd3333076.jpg","logo_image":"shopify:\/\/shop_images\/Group_4886.png","text_position":"middle_right","subheading":"","title":"FROM SUNUP TO SUNDOWN, WE PUT THE PARTY FIRST.","content":"","button_1_text":"shop all","button_1_link":"shopify:\/\/collections\/mad-pelican","button_2_text":"","button_2_link":"","text_color":"#ffffff","button_background":"#f06a22","button_text_color":"#ffffff","overlay_color":"#000000","overlay_opacity":0,"section_css_class":"mad-pelican-hero"}}},"block_order":["template--16792990974268__ab1cecc8-12d3-4b89-a949-c83c47bd68d8-166813587475420fd0-0"],"settings":{"section_height":"medium","transition_type":"sweep","autoplay":true,"cycle_speed":5,"background":"rgba(0,0,0,0)"}},"ea036c0c-e3b4-480f-a5ea-f774bdb39a3f":{"type":"rich-text","settings":{"subheading":"","title":"RELEASE YOUR INNER BEAST","content":"<p>There’s quirky. There’s crazy. And then, there’s completely and utterly insane. This is where Mad Pelican can be found, irreverently nested in the realm of the maniacal. Hatched in the intense sun and salty sea air of Florida, Mad Pelican is an apparel brand for those who live on the edge and constantly shatter boundaries. Our passion is like a high-octane cocktail made to provoke shameless indulgences. It proudly influences you to take a sledgehammer to societal norms, with a laid back, see-you-at-sunset attitude.<\/p>","button_text":"","button_link":"","background_type":"full_width","text_width":"medium","text_position":"center","text_alignment":"center","background":"#f5f5f5","text_color":"#1a1818","button_background":"rgba(0,0,0,0)","button_text_color":"rgba(0,0,0,0)"}},"4687bef0-174f-4853-951e-46f1f651375d":{"type":"featured-collections","blocks":{"template--16792990974268__4687bef0-174f-4853-951e-46f1f651375d-1668135856f93dc6d4-0":{"type":"collection","settings":{"collection":"md-featured-new-arrivals","label":"","button_text":"","button_url":"shopify:\/\/collections\/mad-pelican"}}},"block_order":["template--16792990974268__4687bef0-174f-4853-951e-46f1f651375d-1668135856f93dc6d4-0"],"settings":{"subheading":"Shop","title":"Mad Pelican new arrivals","content":"","products_count":4,"products_per_row":4,"stack_products":true,"show_cta":false,"background":"#ffffff","text_color":"rgba(0,0,0,0)","button_background":"#f06a23","button_text_color":"rgba(0,0,0,0)"}},"091f0bbc-28e3-49cc-83fc-d00889a42b29":{"type":"image-with-text","blocks":{"template--16757099594044__091f0bbc-28e3-49cc-83fc-d00889a42b29-1666896284b5bf6042-0":{"type":"item","settings":{"image":"shopify:\/\/shop_images\/unnamed_59694d58-3c70-4ff0-a18a-708af2b393ef.jpg","tab_label":"Item","subheading":"From","title":"BEACH TO STREET","content":"<p>Mad Pelican is about listening to that crazy bird inside your head and enjoying the ride no matter where it takes you. After all, it takes a little madness to call Florida home. But as mad or crazy as the world gets, we can agree on one thing: Our love for life around the water.<\/p>","button_text":"","button_link":"shopify:\/\/collections\/mad-pelican"}}},"block_order":["template--16757099594044__091f0bbc-28e3-49cc-83fc-d00889a42b29-1666896284b5bf6042-0"],"settings":{"reveal_on_scroll":true,"background_type":"full_width","background_overlap":"image","image_position":"left","text_alignment":"center","cycle_speed":8,"accent_background":"#1a1818","text_color":"rgba(0,0,0,0)","button_background":"#f06a22","button_text_color":"#ffffff"}},"630618b2-d4c7-4225-b453-302c6c6b3c36":{"type":"logo-list","blocks":{"template--16757099594044__630618b2-d4c7-4225-b453-302c6c6b3c36-1666896357757d0f52-0":{"type":"logo","settings":{"logo":"shopify:\/\/shop_images\/ReelLife_UPF50_IC_457058aa-09dc-4eae-874a-0f7f13cb3cf4.png","link":""}},"template--16757099594044__630618b2-d4c7-4225-b453-302c6c6b3c36-1666896357757d0f52-1":{"type":"logo","settings":{"logo":"shopify:\/\/shop_images\/ReelLife_Moisture_IC_f9266aff-3de1-4813-8d98-6618d1d8b421.png","link":""}},"template--16757099594044__630618b2-d4c7-4225-b453-302c6c6b3c36-1666896357757d0f52-2":{"type":"logo","settings":{"logo":"shopify:\/\/shop_images\/ReelLife_Breathable_IC_88087c3f-a8cc-4e94-9279-cad7969dbb1a.png","link":""}},"template--16757099594044__630618b2-d4c7-4225-b453-302c6c6b3c36-1666896357757d0f52-3":{"type":"logo","settings":{"logo":"shopify:\/\/shop_images\/ReelLife_Lightweight_IC_5e60bd77-71f7-44ce-be72-4fc52287d37f.png","link":""}}},"block_order":["template--16757099594044__630618b2-d4c7-4225-b453-302c6c6b3c36-1666896357757d0f52-0","template--16757099594044__630618b2-d4c7-4225-b453-302c6c6b3c36-1666896357757d0f52-1","template--16757099594044__630618b2-d4c7-4225-b453-302c6c6b3c36-1666896357757d0f52-2","template--16757099594044__630618b2-d4c7-4225-b453-302c6c6b3c36-1666896357757d0f52-3"],"settings":{"reveal_on_scroll":true,"subheading":"","title":"FEATURES","button_text":"","button_link":"","stack_logos":true,"background":"rgba(0,0,0,0)","text_color":"rgba(0,0,0,0)","button_background":"rgba(0,0,0,0)","button_text_color":"rgba(0,0,0,0)","logo_background":"rgba(0,0,0,0)"}},"3d320fa7-ff85-41e5-a4dc-996b647e94f4":{"type":"slideshow","blocks":{"template--16792990974268__3d320fa7-ff85-41e5-a4dc-996b647e94f4-167286762749df7959-0":{"type":"image","disabled":true,"settings":{"image":"shopify:\/\/shop_images\/KICKER_RAGLAN_banner.jpg","text_position":"middle_right","subheading":"PRODUCT SPOTLIGHT","title":"LONG SLEEVE UV SUN KICKER RAGLAN","content":"<p>Lost your Sanity? Join the Club. Get lost in the Madness with the Ombre Palm Shade Raglan UV Shirt. You’ll do the crazy shit you wouldn’t have done before buying it.<\/p>","button_1_text":"","button_1_link":"","button_2_text":"","button_2_link":"","text_color":"#ffffff","button_background":"#f06a22","button_text_color":"#ffffff","overlay_color":"#000000","overlay_opacity":0,"section_css_class":"Type your own CSS class"}},"template--16792990974268__3d320fa7-ff85-41e5-a4dc-996b647e94f4-167286762749df7959-1":{"type":"image","disabled":true,"settings":{"image":"shopify:\/\/shop_images\/Group_5042-2.png","text_position":"middle_right","subheading":"PRODUCT SPOTLIGHT","title":"JEREMIAH’S TRUNK SHORT","content":"<p>You know the ladies can’t help but stare when you’re strolling around town in the Scratchy Palms Trunk Shorts.<\/p>","button_1_text":"","button_1_link":"","button_2_text":"","button_2_link":"","text_color":"#ffffff","button_background":"#f06a22","button_text_color":"#ffffff","overlay_color":"#000000","overlay_opacity":0,"section_css_class":"Type your own CSS class"}},"4cd35c2b-bb63-4fa9-8313-f7fcfa83ae5b":{"type":"image","settings":{"image":"shopify:\/\/shop_images\/Brand_page_PRODUCT_SPOTLIGHTjpg.jpg","text_position":"middle_right","subheading":"PRODUCT SPOTLIGHT","title":"PERFECTION GRAPHIC TEE","content":"<p>Experience next-level comfort with our Graphic T-Shirts. Made from 50% Cotton and 50% Polyester, this shirt combines the comfort of cotton with the performance of polyester to create the perfect shirt for your next adventure. <\/p>","button_1_text":"","button_1_link":"","button_2_text":"","button_2_link":"","text_color":"#282828","button_background":"#f06a22","button_text_color":"#ffffff","overlay_color":"#000000","overlay_opacity":0,"section_css_class":"Type your own CSS class"}}},"block_order":["template--16792990974268__3d320fa7-ff85-41e5-a4dc-996b647e94f4-167286762749df7959-0","template--16792990974268__3d320fa7-ff85-41e5-a4dc-996b647e94f4-167286762749df7959-1","4cd35c2b-bb63-4fa9-8313-f7fcfa83ae5b"],"settings":{"section_height":"auto","transition_type":"sweep","autoplay":true,"cycle_speed":6,"background":"rgba(0,0,0,0)"}},"67f82d96-f962-4cce-89c0-e86517bd2f6b":{"type":"image-with-text","blocks":{"template--16757099594044__67f82d96-f962-4cce-89c0-e86517bd2f6b-1666896284b5bf6042-0":{"type":"item","settings":{"image":"shopify:\/\/shop_images\/JOIN_US_AND.jpg","tab_label":"Item","subheading":"JOIN US AND","title":"GO F*CKING MAD!","content":"<p>We are here to enjoy the party. And why not look good and feel good at the same time. Chilling on the beach in the morning, drinks at noon, boating in the afternoon, followed by a party that goes ‘til dawn with people from all over the world – that’s a typical day for us mad pelicans. And then we wake up and do it all over again.<\/p>","button_text":"","button_link":"shopify:\/\/collections\/mad-pelican"}}},"block_order":["template--16757099594044__67f82d96-f962-4cce-89c0-e86517bd2f6b-1666896284b5bf6042-0"],"settings":{"reveal_on_scroll":true,"background_type":"full_width","background_overlap":"image","image_position":"right","text_alignment":"center","cycle_speed":8,"accent_background":"#1a1818","text_color":"rgba(0,0,0,0)","button_background":"#f06a22","button_text_color":"#ffffff"}},"e17a96a6-6b95-4aa7-97e3-60479952ef09":{"type":"image-with-text-block","custom_css":[],"settings":{"reveal_on_scroll":true,"image":"shopify:\/\/shop_images\/WE_ARE_CRAZY_MAD_ABOUT_COMFORT.jpg","subheading":"WE ARE CRAZY MAD ABOUT COMFORT","title":"THE PERFECT FIT SHIRT IS WAITING FOR YOU TO PUT IT ON.","content":"","button_text":"","button_link":"shopify:\/\/collections\/mad-pelican","background_type":"full_width","text_position":"right","text_alignment":"left","text_background":"#1a1818","text_color":"#ffffff","button_background":"#f06a22","button_text_color":"rgba(0,0,0,0)"}},"3eafed49-e082-4ae2-ae07-248acae2fc0d":{"type":"collection-list","blocks":{"template--16757099594044__3eafed49-e082-4ae2-ae07-248acae2fc0d-1666898478605e0fcf-0":{"type":"collection","settings":{"collection":"","image":"shopify:\/\/shop_images\/Group_4878.jpg","subheading":"","title":"graphic tees","link_text":"shop collection","link_url":"shopify:\/\/collections\/graphic-tees","text_color":"rgba(0,0,0,0)","overlay_color":"#000000","overlay_opacity":0}},"template--16757099594044__3eafed49-e082-4ae2-ae07-248acae2fc0d-1666898478605e0fcf-1":{"type":"collection","settings":{"collection":"","image":"shopify:\/\/shop_images\/Group_4879.jpg","subheading":"","title":"shorts","link_text":"shop collection","link_url":"shopify:\/\/collections\/mad-pelican-shorts","text_color":"rgba(0,0,0,0)","overlay_color":"#000000","overlay_opacity":0}},"template--16757099594044__3eafed49-e082-4ae2-ae07-248acae2fc0d-1666898478605e0fcf-2":{"type":"collection","settings":{"collection":"","image":"shopify:\/\/shop_images\/Group_4880.jpg","subheading":"","title":"accessories","link_text":"shop collection","link_url":"shopify:\/\/collections\/mad-pelican-accessories","text_color":"rgba(0,0,0,0)","overlay_color":"#000000","overlay_opacity":0}}},"block_order":["template--16757099594044__3eafed49-e082-4ae2-ae07-248acae2fc0d-1666898478605e0fcf-0","template--16757099594044__3eafed49-e082-4ae2-ae07-248acae2fc0d-1666898478605e0fcf-1","template--16757099594044__3eafed49-e082-4ae2-ae07-248acae2fc0d-1666898478605e0fcf-2"],"disabled":true,"settings":{"reveal_on_scroll":false,"layout":"grid","subheading":"SHOP","title":"COLLECTIONS","background":"#ffffff","text_color":"#1a1818"}},"3cfb6977-61d9-4661-9d2d-ca304a653001":{"type":"text-with-icons","blocks":{"template--16757099594044__3cfb6977-61d9-4661-9d2d-ca304a653001-1666900217c3084c10-0":{"type":"item","settings":{"icon":"picto-box","custom_icon_width":50,"title":"Free shipping","content":"<p>Free U.S. shipping on every order over $75<\/p>"}},"template--16757099594044__3cfb6977-61d9-4661-9d2d-ca304a653001-1666900217c3084c10-1":{"type":"item","settings":{"icon":"picto-phone","custom_icon_width":50,"title":"Customer service","content":"<p>We are available from Monday to Friday to answer your questions at (904) 479-2906 <\/p>"}},"template--16757099594044__3cfb6977-61d9-4661-9d2d-ca304a653001-1666900217c3084c10-2":{"type":"item","settings":{"icon":"picto-lock","custom_icon_width":50,"title":"Secure payment","content":"<p>Your payment information is processed securely.<\/p>"}},"template--16757099594044__3cfb6977-61d9-4661-9d2d-ca304a653001-1666900217c3084c10-3":{"type":"item","settings":{"icon":"picto-email","custom_icon_width":50,"title":"Contact us","content":"<p>Need to contact us ? Just send us an e-mail at info@outdoornation.com<\/p>"}}},"block_order":["template--16757099594044__3cfb6977-61d9-4661-9d2d-ca304a653001-1666900217c3084c10-0","template--16757099594044__3cfb6977-61d9-4661-9d2d-ca304a653001-1666900217c3084c10-1","template--16757099594044__3cfb6977-61d9-4661-9d2d-ca304a653001-1666900217c3084c10-2","template--16757099594044__3cfb6977-61d9-4661-9d2d-ca304a653001-1666900217c3084c10-3"],"settings":{"background":"#ffffff","text_color":"#1a1818"}},"47b5e852-7f1d-4c7c-959a-8b3948f81b10":{"type":"newsletter","settings":{"reveal_on_scroll":true,"image":"shopify:\/\/shop_images\/SUBSCRIBE_banner_1_2.jpg","subheading":"JOIN THE NATION","content":"<p>Promotions, new products and sales. <\/p>","text_position":"left","text_alignment":"left","text_background":"rgba(0,0,0,0)","text_color":"rgba(0,0,0,0)","button_background":"#f06a22","button_text_color":"rgba(0,0,0,0)"}}},"order":["main","ab1cecc8-12d3-4b89-a949-c83c47bd68d8","ea036c0c-e3b4-480f-a5ea-f774bdb39a3f","4687bef0-174f-4853-951e-46f1f651375d","091f0bbc-28e3-49cc-83fc-d00889a42b29","630618b2-d4c7-4225-b453-302c6c6b3c36","3d320fa7-ff85-41e5-a4dc-996b647e94f4","67f82d96-f962-4cce-89c0-e86517bd2f6b","e17a96a6-6b95-4aa7-97e3-60479952ef09","3eafed49-e082-4ae2-ae07-248acae2fc0d","3cfb6977-61d9-4661-9d2d-ca304a653001","47b5e852-7f1d-4c7c-959a-8b3948f81b10"]}