{"sections":{"main":{"type":"main-product","blocks":{"8d88767f-5975-4af8-ad63-13ed74fe43b0":{"type":"text","settings":{"text":"<h3><a href=\"\/collections\/uv-bundle\" title=\"UV Bundle\"><strong>{{ product.metafields.custom.product_callout | metafield_tag }}<\/strong><\/a><\/h3>"}},"variant_picker":{"type":"variant_picker","settings":{"hide_sold_out_variants":false,"selector_mode":"block","color_mode":"color","size_chart_page":"size-chart"}},"quantity_selector":{"type":"quantity_selector","settings":{}},"buy_buttons":{"type":"buy_buttons","settings":{"show_payment_button":true,"atc_button_background":"#f06a22","atc_button_text_color":"#ffffff","buy_now_button_background":"#696969","buy_now_button_text_color":"#ffffff"}},"625013df-2f9a-4c1e-b61f-ff72b9469323":{"type":"line_item_property","disabled":true,"settings":{"label":"Your label","type":"text","required":false,"allow_long_text":false,"checked_value":"Yes","unchecked_value":"No"}},"131b6a03-2b91-4736-bf19-07c55ee7d81e":{"type":"button","settings":{"link":"","text":"﻿BUY IT NOW","stretch":true,"background":"#696969","text_color":"#ffffff"}},"41c0fb46-1102-4a9d-88bc-8c8d99a9f453":{"type":"shopify:\/\/apps\/rebuy-personalization-engine\/blocks\/rebuy-widget\/a26ae9b9-933b-40bf-bbc6-bf1220bbc4dc","settings":{"enabled":true,"id":"81580","product_id_enabled":true,"collection_id_enabled":false}},"64e0bd22-45e9-45cf-8c9e-0b06e0d9d844":{"type":"shopify:\/\/apps\/rebuy-personalization-engine\/blocks\/rebuy-widget\/a26ae9b9-933b-40bf-bbc6-bf1220bbc4dc","settings":{"enabled":true,"id":"82516","product_id_enabled":true,"collection_id_enabled":false}},"eb5f59d1-e07f-4c34-9a7e-230f831a003c":{"type":"liquid","settings":{"liquid":"<div style=\"display: flex; flex-direction: row; justify-content: space-between; padding-top: 30px;\" class=\"trust-badges\">\n            <img style=\"width: auto; height: auto; max-width: 90px;\" src=\"https:\/\/cdn.shopify.com\/s\/files\/1\/0669\/6425\/9132\/files\/shutterstock_1423573472_Converted_-01.png?v=1695409518\">\n            <img style=\"width: auto; height: auto; max-width: 90px;\" src=\"https:\/\/cdn.shopify.com\/s\/files\/1\/0669\/6425\/9132\/files\/shutterstock_1423573472_Converted_-03.png?v=1695409519\">\n            <img style=\"width: auto; height: auto; max-width: 90px;\" src=\"https:\/\/cdn.shopify.com\/s\/files\/1\/0669\/6425\/9132\/files\/shutterstock_1423573472_Converted_-02.png?v=1695409519\">\n            <img style=\"width: auto; height: auto; max-width: 90px;\" src=\"https:\/\/cdn.shopify.com\/s\/files\/1\/0669\/6425\/9132\/files\/shutterstock_1423573472_Converted_-04.png?v=1695409518\">\n          <\/div>"}}},"block_order":["8d88767f-5975-4af8-ad63-13ed74fe43b0","variant_picker","quantity_selector","buy_buttons","625013df-2f9a-4c1e-b61f-ff72b9469323","131b6a03-2b91-4736-bf19-07c55ee7d81e","41c0fb46-1102-4a9d-88bc-8c8d99a9f453","64e0bd22-45e9-45cf-8c9e-0b06e0d9d844","eb5f59d1-e07f-4c34-9a7e-230f831a003c"],"settings":{"show_vendor":true,"show_sku":false,"show_taxes_included":false,"show_product_rating":false,"show_sticky_add_to_cart":true,"show_share_buttons":true,"help_page":"","enable_video_autoplay":true,"enable_video_looping":false,"enable_image_zoom":true,"show_thumbnails_on_mobile":false,"desktop_thumbnails_position":"bottom","transition_effect":"slide"}},"product-content":{"type":"product-content","blocks":{"description":{"type":"description","settings":{}},"9adb8ee9-6caf-4b47-96a4-d9f11add1a01":{"type":"content","disabled":true,"settings":{"title":"Test Tab","content":"<p>﻿Test<\/p>","page":""}},"bab1f3e0-ddde-4736-8045-c4301121cc38":{"type":"complementary_products","settings":{"title":"BUY IT WITH"}},"908f177f-4650-4331-a070-73566860fc38":{"type":"trust","disabled":true,"settings":{"icon_1":"picto-customer-support","title_1":"Shipping & Returns","content_1":"<p>Add text about your shipping policy<\/p>","icon_2":"picto-warranty","title_2":"Warranty","content_2":"<p>Add text about your product warranty<\/p>","icon_3":"picto-secure-payment","title_3":"Secure Payment","content_3":"<p>Add text about your payment<\/p>"}},"d85854a3-e179-4700-a45c-6255d90d9485":{"type":"reviews","settings":{}}},"block_order":["description","9adb8ee9-6caf-4b47-96a4-d9f11add1a01","bab1f3e0-ddde-4736-8045-c4301121cc38","908f177f-4650-4331-a070-73566860fc38","d85854a3-e179-4700-a45c-6255d90d9485"],"settings":{}},"product-recommendations":{"type":"product-recommendations","settings":{"subheading":"","title":"You may also like","recommendations_count":5,"background":"rgba(0,0,0,0)","text_color":"rgba(0,0,0,0)"}},"1676906456dafe6ab1":{"type":"apps","blocks":{"59622416-ff95-4c51-8084-acffb4bdea94":{"type":"shopify:\/\/apps\/okendo-product-reviews-ugc\/blocks\/reviews-widget\/bb689e69-ea70-4661-8fb7-ad24a2e23c29","disabled":true,"settings":{"product":"{{product}}","widget_type":"reviews_widget"}}},"block_order":["59622416-ff95-4c51-8084-acffb4bdea94"],"disabled":true,"settings":{"include_horizontal_margins":true,"include_vertical_margins":true}},"dad4ee60-41f9-4177-b1ff-f720098fac02":{"type":"image-with-text","blocks":{"template--16936511013180__dad4ee60-41f9-4177-b1ff-f720098fac02-1668354149380e024c-0":{"type":"item","settings":{"image":"shopify:\/\/shop_images\/MP-guy.jpg","tab_label":"Item","subheading":"MAD PELICAN","title":"RELEASE YOUR INNER BEAST","content":"<p>Mad Pelican is the preferred brand for those who live life on the water’s edge. Constantly churning out fresh designs and always taking clever to an extreme, Mad Pelican gives you compelling clothing that makes a statement.<\/p>","button_text":"Learn More","button_link":"shopify:\/\/pages\/mad-pelican"}}},"block_order":["template--16936511013180__dad4ee60-41f9-4177-b1ff-f720098fac02-1668354149380e024c-0"],"settings":{"reveal_on_scroll":true,"background_type":"full_width","background_overlap":"text","image_position":"right","text_alignment":"left","cycle_speed":8,"accent_background":"#ebebeb","text_color":"rgba(0,0,0,0)","button_background":"#f06a22","button_text_color":"rgba(0,0,0,0)"}},"e71e1947-2542-46e9-a818-38f533b571f0":{"type":"image-with-text-overlay","disabled":true,"settings":{"reveal_on_scroll":true,"section_height":"auto","image":"shopify:\/\/shop_images\/MP-wall-smaller-height.jpg","subheading":"","title":"","content":"","button_text":"","button_link":"","link_style":"link","background_type":"full_width","text_width":"medium","text_position":"middle_center","text_color":"#ffffff","button_background":"#ffffff","button_text_color":"rgba(0,0,0,0)","overlay_color":"rgba(0,0,0,0)","overlay_opacity":0}},"988bcc10-417b-4730-ac19-cd94dbe70aa7":{"type":"collection-list","blocks":{"template--16792991072572__988bcc10-417b-4730-ac19-cd94dbe70aa7-1668054511f4b4d87d-0":{"type":"collection","settings":{"collection":"graphic-tees","image":"shopify:\/\/shop_images\/Group_4878.jpg","subheading":"","title":"GRAPHIC TEES","link_text":"Shop Collection","link_url":"shopify:\/\/collections\/graphic-tees","text_color":"rgba(0,0,0,0)","overlay_color":"#000000","overlay_opacity":0}},"template--16792991072572__988bcc10-417b-4730-ac19-cd94dbe70aa7-1668054511f4b4d87d-1":{"type":"collection","settings":{"collection":"","image":"shopify:\/\/shop_images\/Group_4879.jpg","subheading":"","title":"SHORTS","link_text":"Shop Collection","link_url":"shopify:\/\/collections\/mad-pelican-shorts","text_color":"rgba(0,0,0,0)","overlay_color":"#000000","overlay_opacity":0}},"template--16792991072572__988bcc10-417b-4730-ac19-cd94dbe70aa7-1668054511f4b4d87d-2":{"type":"collection","settings":{"collection":"","image":"shopify:\/\/shop_images\/Group_4880.jpg","subheading":"","title":"ACCESSORIES","link_text":"Shop Collection","link_url":"shopify:\/\/collections\/mad-pelican-accessories","text_color":"rgba(0,0,0,0)","overlay_color":"#000000","overlay_opacity":0}}},"block_order":["template--16792991072572__988bcc10-417b-4730-ac19-cd94dbe70aa7-1668054511f4b4d87d-0","template--16792991072572__988bcc10-417b-4730-ac19-cd94dbe70aa7-1668054511f4b4d87d-1","template--16792991072572__988bcc10-417b-4730-ac19-cd94dbe70aa7-1668054511f4b4d87d-2"],"disabled":true,"settings":{"reveal_on_scroll":false,"layout":"grid","subheading":"Explore our","title":"Collections","background":"rgba(0,0,0,0)","text_color":"rgba(0,0,0,0)"}},"b59b1609-3fc2-4f56-a6ff-3fb2c8032b31":{"type":"text-with-icons","blocks":{"template--16792991072572__b59b1609-3fc2-4f56-a6ff-3fb2c8032b31-1668053343b7b38d6e-0":{"type":"item","settings":{"icon":"picto-box","custom_icon_width":50,"title":"Free shipping","content":"<p>Free U.S. shipping on every order over $75<\/p>"}},"template--16792991072572__b59b1609-3fc2-4f56-a6ff-3fb2c8032b31-1668053343b7b38d6e-1":{"type":"item","settings":{"icon":"picto-phone","custom_icon_width":50,"title":"Customer service","content":"<p>We are available Monday - Friday to answer your questions at (904) 479-2906<\/p>"}},"template--16792991072572__b59b1609-3fc2-4f56-a6ff-3fb2c8032b31-1668053343b7b38d6e-2":{"type":"item","settings":{"icon":"picto-lock","custom_icon_width":50,"title":"Secure payment","content":"<p>Your payment information is processed securely.<\/p>"}},"template--16792991072572__b59b1609-3fc2-4f56-a6ff-3fb2c8032b31-1668053343b7b38d6e-3":{"type":"item","settings":{"icon":"picto-email","custom_icon_width":50,"title":"Contact us","content":"<p>Need to contact us? Just send us an e-mail at info@outdoornation.com<\/p>"}}},"block_order":["template--16792991072572__b59b1609-3fc2-4f56-a6ff-3fb2c8032b31-1668053343b7b38d6e-0","template--16792991072572__b59b1609-3fc2-4f56-a6ff-3fb2c8032b31-1668053343b7b38d6e-1","template--16792991072572__b59b1609-3fc2-4f56-a6ff-3fb2c8032b31-1668053343b7b38d6e-2","template--16792991072572__b59b1609-3fc2-4f56-a6ff-3fb2c8032b31-1668053343b7b38d6e-3"],"settings":{"background":"#ffffff","text_color":"#1a1818"}},"415e0320-f516-414b-90ee-80794c1979d6":{"type":"newsletter","settings":{"reveal_on_scroll":true,"image":"shopify:\/\/shop_images\/SUBSCRIBE_banner_1_2.jpg","subheading":"JOIN THE NATION","content":"<p>Promotions, new products and sales. Directly to your inbox.<\/p>","text_position":"left","text_alignment":"left","text_background":"rgba(0,0,0,0)","text_color":"#1a1818","button_background":"#f06a22","button_text_color":"#ffffff"}}},"order":["main","product-content","product-recommendations","1676906456dafe6ab1","dad4ee60-41f9-4177-b1ff-f720098fac02","e71e1947-2542-46e9-a818-38f533b571f0","988bcc10-417b-4730-ac19-cd94dbe70aa7","b59b1609-3fc2-4f56-a6ff-3fb2c8032b31","415e0320-f516-414b-90ee-80794c1979d6"]}