{"sections":{"main":{"type":"main-product","blocks":{"e7ef72d6-7baf-4527-9387-4becff3762d8":{"type":"text","settings":{"text":"<h3>{{ product.metafields.custom.product_callout | metafield_tag }}<\/h3>"}},"variant_picker":{"type":"variant_picker","settings":{"hide_sold_out_variants":false,"selector_mode":"block","color_mode":"color","size_chart_page":"size-chart"}},"quantity_selector":{"type":"quantity_selector","settings":{}},"buy_buttons":{"type":"buy_buttons","settings":{"show_payment_button":true,"atc_button_background":"#f06a22","atc_button_text_color":"#ffffff","buy_now_button_background":"#696969","buy_now_button_text_color":"rgba(0,0,0,0)"}},"92d46ccc-7356-46f9-9a84-459f6f3f36e5":{"type":"shopify:\/\/apps\/rebuy-personalization-engine\/blocks\/rebuy-widget\/a26ae9b9-933b-40bf-bbc6-bf1220bbc4dc","settings":{"enabled":true,"id":"81580","product_id_enabled":true,"collection_id_enabled":false}},"f457d900-198d-49b1-80e9-cbb8e12c469d":{"type":"shopify:\/\/apps\/rebuy-personalization-engine\/blocks\/rebuy-widget\/a26ae9b9-933b-40bf-bbc6-bf1220bbc4dc","settings":{"enabled":true,"id":"82516","product_id_enabled":true,"collection_id_enabled":false}},"c530b0dd-796c-467d-bc47-ea775e6fb2d5":{"type":"liquid","settings":{"liquid":"<div style=\"display: flex; flex-direction: row; justify-content: space-between; padding-top: 30px;\" class=\"trust-badges\">\n            <img style=\"width: auto; height: auto; max-width: 90px;\" src=\"https:\/\/cdn.shopify.com\/s\/files\/1\/0669\/6425\/9132\/files\/shutterstock_1423573472_Converted_-01.png?v=1695409518\">\n            <img style=\"width: auto; height: auto; max-width: 90px;\" src=\"https:\/\/cdn.shopify.com\/s\/files\/1\/0669\/6425\/9132\/files\/shutterstock_1423573472_Converted_-03.png?v=1695409519\">\n            <img style=\"width: auto; height: auto; max-width: 90px;\" src=\"https:\/\/cdn.shopify.com\/s\/files\/1\/0669\/6425\/9132\/files\/shutterstock_1423573472_Converted_-02.png?v=1695409519\">\n            <img style=\"width: auto; height: auto; max-width: 90px;\" src=\"https:\/\/cdn.shopify.com\/s\/files\/1\/0669\/6425\/9132\/files\/shutterstock_1423573472_Converted_-04.png?v=1695409518\">\n          <\/div>"}}},"block_order":["e7ef72d6-7baf-4527-9387-4becff3762d8","variant_picker","quantity_selector","buy_buttons","92d46ccc-7356-46f9-9a84-459f6f3f36e5","f457d900-198d-49b1-80e9-cbb8e12c469d","c530b0dd-796c-467d-bc47-ea775e6fb2d5"],"settings":{"show_vendor":true,"show_sku":false,"show_taxes_included":false,"show_product_rating":false,"show_sticky_add_to_cart":true,"show_share_buttons":true,"help_page":"","enable_video_autoplay":true,"enable_video_looping":false,"enable_image_zoom":true,"show_thumbnails_on_mobile":false,"desktop_thumbnails_position":"bottom","transition_effect":"slide"}},"product-content":{"type":"product-content","blocks":{"description":{"type":"description","settings":{}},"9adb8ee9-6caf-4b47-96a4-d9f11add1a01":{"type":"content","disabled":true,"settings":{"title":"TECH SPECS","content":"<p>Copy goes here...<\/p>","page":""}},"bab1f3e0-ddde-4736-8045-c4301121cc38":{"type":"complementary_products","settings":{"title":"BUY IT WITH"}},"91e58586-a114-49a4-a873-f7b9591c7e39":{"type":"reviews","settings":{}}},"block_order":["description","9adb8ee9-6caf-4b47-96a4-d9f11add1a01","bab1f3e0-ddde-4736-8045-c4301121cc38","91e58586-a114-49a4-a873-f7b9591c7e39"],"settings":{}},"product-recommendations":{"type":"product-recommendations","settings":{"subheading":"","title":"You may also like","recommendations_count":5,"background":"rgba(0,0,0,0)","text_color":"rgba(0,0,0,0)"}},"1676906503e4ca637b":{"type":"apps","blocks":{"74fa95dc-c19a-4a32-a85c-523f4da824a9":{"type":"shopify:\/\/apps\/okendo-product-reviews-ugc\/blocks\/reviews-widget\/bb689e69-ea70-4661-8fb7-ad24a2e23c29","disabled":true,"settings":{"product":"{{product}}","widget_type":"reviews_widget"}}},"block_order":["74fa95dc-c19a-4a32-a85c-523f4da824a9"],"disabled":true,"settings":{"include_horizontal_margins":true,"include_vertical_margins":true}},"d1345e7b-672b-4aa7-8b5b-cd7e15d95a6e":{"type":"image-with-text","blocks":{"template--16936505278780__d1345e7b-672b-4aa7-8b5b-cd7e15d95a6e-1668352784d9c4098f-0":{"type":"item","settings":{"image":"shopify:\/\/shop_images\/A68A4572.jpg","tab_label":"Item","subheading":"REEL LIFE","title":"RAISED ON THE WATER.","content":"<p>Reel Life combines outdoor performance with comfort and style. Our line of fishing shirts, beach clothes, and more features performance long-sleeve t-shirts, board shorts, and graphic tees with cool designs that conjure up the smell of saltwater and a backflip off the boat’s bow.<\/p>","button_text":"LEARN MORE","button_link":"shopify:\/\/pages\/reel-life"}}},"block_order":["template--16936505278780__d1345e7b-672b-4aa7-8b5b-cd7e15d95a6e-1668352784d9c4098f-0"],"settings":{"reveal_on_scroll":true,"background_type":"full_width","background_overlap":"image","image_position":"left","text_alignment":"left","cycle_speed":8,"accent_background":"#ebebeb","text_color":"rgba(0,0,0,0)","button_background":"#f06a22","button_text_color":"rgba(0,0,0,0)"}},"e71e1947-2542-46e9-a818-38f533b571f0":{"type":"image-with-text-overlay","disabled":true,"settings":{"reveal_on_scroll":true,"section_height":"auto","image":"shopify:\/\/shop_images\/RL-wide_c8ea10f9-1633-4646-83cf-753af47a597c.jpg","subheading":"","title":"","content":"","button_text":"","button_link":"","link_style":"link","background_type":"full_width","text_width":"medium","text_position":"middle_center","text_color":"#ffffff","button_background":"#ffffff","button_text_color":"rgba(0,0,0,0)","overlay_color":"rgba(0,0,0,0)","overlay_opacity":0}},"988bcc10-417b-4730-ac19-cd94dbe70aa7":{"type":"collection-list","blocks":{"template--16792991072572__988bcc10-417b-4730-ac19-cd94dbe70aa7-1668054511f4b4d87d-0":{"type":"collection","settings":{"collection":"ocean-washed","image":"shopify:\/\/shop_images\/Group_4872.jpg","subheading":"","title":"OCEAN WASHED","link_text":"Shop Collection","link_url":"shopify:\/\/collections\/ocean-washed","text_color":"rgba(0,0,0,0)","overlay_color":"#000000","overlay_opacity":0}},"template--16792991072572__988bcc10-417b-4730-ac19-cd94dbe70aa7-1668054511f4b4d87d-1":{"type":"collection","settings":{"collection":"sun-water","image":"shopify:\/\/shop_images\/Group_4873.jpg","subheading":"","title":"SUN & WATER","link_text":"Shop Collection","link_url":"shopify:\/\/collections\/sun-water","text_color":"rgba(0,0,0,0)","overlay_color":"#000000","overlay_opacity":0}},"template--16792991072572__988bcc10-417b-4730-ac19-cd94dbe70aa7-1668054511f4b4d87d-2":{"type":"collection","settings":{"collection":"coastal-performance","image":"shopify:\/\/shop_images\/Group_4874.jpg","subheading":"","title":"COASTAL PERFORMANCE","link_text":"Shop Collection","link_url":"shopify:\/\/collections\/coastal-performance","text_color":"rgba(0,0,0,0)","overlay_color":"#000000","overlay_opacity":0}}},"block_order":["template--16792991072572__988bcc10-417b-4730-ac19-cd94dbe70aa7-1668054511f4b4d87d-0","template--16792991072572__988bcc10-417b-4730-ac19-cd94dbe70aa7-1668054511f4b4d87d-1","template--16792991072572__988bcc10-417b-4730-ac19-cd94dbe70aa7-1668054511f4b4d87d-2"],"disabled":true,"settings":{"reveal_on_scroll":false,"layout":"grid","subheading":"Explore our","title":"Collections","background":"rgba(0,0,0,0)","text_color":"rgba(0,0,0,0)"}},"b59b1609-3fc2-4f56-a6ff-3fb2c8032b31":{"type":"text-with-icons","blocks":{"template--16792991072572__b59b1609-3fc2-4f56-a6ff-3fb2c8032b31-1668053343b7b38d6e-0":{"type":"item","settings":{"icon":"picto-box","custom_icon_width":50,"title":"Free shipping","content":"<p>Free U.S. shipping on every order over $75<\/p>"}},"template--16792991072572__b59b1609-3fc2-4f56-a6ff-3fb2c8032b31-1668053343b7b38d6e-1":{"type":"item","settings":{"icon":"picto-phone","custom_icon_width":50,"title":"Customer service","content":"<p>We are available from Monday to Friday to answer your questions at (904) 479-2906<\/p>"}},"template--16792991072572__b59b1609-3fc2-4f56-a6ff-3fb2c8032b31-1668053343b7b38d6e-2":{"type":"item","settings":{"icon":"picto-lock","custom_icon_width":50,"title":"Secure payment","content":"<p>Your payment information is processed securely.<\/p>"}},"template--16792991072572__b59b1609-3fc2-4f56-a6ff-3fb2c8032b31-1668053343b7b38d6e-3":{"type":"item","settings":{"icon":"picto-email","custom_icon_width":50,"title":"Contact us","content":"<p>Need to contact us ? Just send us an e-mail at info@outdoornation.com<\/p>"}}},"block_order":["template--16792991072572__b59b1609-3fc2-4f56-a6ff-3fb2c8032b31-1668053343b7b38d6e-0","template--16792991072572__b59b1609-3fc2-4f56-a6ff-3fb2c8032b31-1668053343b7b38d6e-1","template--16792991072572__b59b1609-3fc2-4f56-a6ff-3fb2c8032b31-1668053343b7b38d6e-2","template--16792991072572__b59b1609-3fc2-4f56-a6ff-3fb2c8032b31-1668053343b7b38d6e-3"],"settings":{"background":"#ffffff","text_color":"#1a1818"}},"415e0320-f516-414b-90ee-80794c1979d6":{"type":"newsletter","settings":{"reveal_on_scroll":true,"image":"shopify:\/\/shop_images\/SUBSCRIBE_banner_1_2.jpg","subheading":"JOIN THE NATION","content":"<p>Promotions, new products and sales. Directly to your inbox.<\/p>","text_position":"left","text_alignment":"left","text_background":"rgba(0,0,0,0)","text_color":"#1a1818","button_background":"#f06a22","button_text_color":"#ffffff"}}},"order":["main","product-content","product-recommendations","1676906503e4ca637b","d1345e7b-672b-4aa7-8b5b-cd7e15d95a6e","e71e1947-2542-46e9-a818-38f533b571f0","988bcc10-417b-4730-ac19-cd94dbe70aa7","b59b1609-3fc2-4f56-a6ff-3fb2c8032b31","415e0320-f516-414b-90ee-80794c1979d6"]}