{"sections":{"main":{"type":"main-product","blocks":{"97fb92b4-6436-4f3f-bd11-e92ee2b583e4":{"type":"text","settings":{"text":"<h3><a href=\"\/collections\/uv-bundle\" title=\"UV Bundle\"><strong>{{ product.metafields.custom.product_callout | metafield_tag }}<\/strong><\/a><\/h3>"}},"variant_picker":{"type":"variant_picker","settings":{"hide_sold_out_variants":false,"selector_mode":"block","color_mode":"color","size_chart_page":"size-chart"}},"quantity_selector":{"type":"quantity_selector","settings":{}},"buy_buttons":{"type":"buy_buttons","settings":{"show_payment_button":true,"atc_button_background":"#f06a22","atc_button_text_color":"#ffffff","buy_now_button_background":"#696969","buy_now_button_text_color":"rgba(0,0,0,0)"}},"4a5457be-14f7-4ea3-8de2-e1702254432b":{"type":"shopify:\/\/apps\/rebuy-personalization-engine\/blocks\/rebuy-widget\/a26ae9b9-933b-40bf-bbc6-bf1220bbc4dc","settings":{"enabled":true,"id":"81580","product_id_enabled":true,"collection_id_enabled":false}},"ff7694d0-6330-4b5a-8332-25db91180990":{"type":"shopify:\/\/apps\/rebuy-personalization-engine\/blocks\/rebuy-widget\/a26ae9b9-933b-40bf-bbc6-bf1220bbc4dc","settings":{"enabled":true,"id":"82516","product_id_enabled":true,"collection_id_enabled":false}},"d8eeb1b0-3ad5-4b75-9095-2fa09202b1a9":{"type":"liquid","settings":{"liquid":"<div style=\"display: flex; flex-direction: row; justify-content: space-between; padding-top: 30px;\" class=\"trust-badges\">\n            <img style=\"width: auto; height: auto; max-width: 90px;\" src=\"https:\/\/cdn.shopify.com\/s\/files\/1\/0669\/6425\/9132\/files\/shutterstock_1423573472_Converted_-01.png?v=1695409518\">\n            <img style=\"width: auto; height: auto; max-width: 90px;\" src=\"https:\/\/cdn.shopify.com\/s\/files\/1\/0669\/6425\/9132\/files\/shutterstock_1423573472_Converted_-03.png?v=1695409519\">\n            <img style=\"width: auto; height: auto; max-width: 90px;\" src=\"https:\/\/cdn.shopify.com\/s\/files\/1\/0669\/6425\/9132\/files\/shutterstock_1423573472_Converted_-02.png?v=1695409519\">\n            <img style=\"width: auto; height: auto; max-width: 90px;\" src=\"https:\/\/cdn.shopify.com\/s\/files\/1\/0669\/6425\/9132\/files\/shutterstock_1423573472_Converted_-04.png?v=1695409518\">\n          <\/div>"}}},"block_order":["97fb92b4-6436-4f3f-bd11-e92ee2b583e4","variant_picker","quantity_selector","buy_buttons","4a5457be-14f7-4ea3-8de2-e1702254432b","ff7694d0-6330-4b5a-8332-25db91180990","d8eeb1b0-3ad5-4b75-9095-2fa09202b1a9"],"settings":{"show_vendor":true,"show_sku":false,"show_taxes_included":false,"show_product_rating":false,"show_sticky_add_to_cart":true,"show_share_buttons":true,"help_page":"","enable_video_autoplay":true,"enable_video_looping":false,"enable_image_zoom":true,"show_thumbnails_on_mobile":false,"desktop_thumbnails_position":"bottom","transition_effect":"slide"}},"product-content":{"type":"product-content","blocks":{"description":{"type":"description","settings":{}},"9adb8ee9-6caf-4b47-96a4-d9f11add1a01":{"type":"content","disabled":true,"settings":{"title":"TECH SPECS","content":"<p>Copy goes here...<\/p>","page":""}},"bab1f3e0-ddde-4736-8045-c4301121cc38":{"type":"complementary_products","settings":{"title":"BUY WITH"}},"7f1dd7f7-f724-472a-8fa7-58be04abc177":{"type":"trust","disabled":true,"settings":{"icon_1":"picto-customer-support","title_1":"Shipping & Returns","content_1":"<p>Add text about your shipping policy<\/p>","icon_2":"picto-warranty","title_2":"Warranty","content_2":"<p>Add text about your product warranty<\/p>","icon_3":"picto-secure-payment","title_3":"Secure Payment","content_3":"<p>Add text about your payment<\/p>"}},"da1830df-5d1c-4a0b-922b-4e29f92587d9":{"type":"reviews","settings":{}}},"block_order":["description","9adb8ee9-6caf-4b47-96a4-d9f11add1a01","bab1f3e0-ddde-4736-8045-c4301121cc38","7f1dd7f7-f724-472a-8fa7-58be04abc177","da1830df-5d1c-4a0b-922b-4e29f92587d9"],"settings":{}},"product-recommendations":{"type":"product-recommendations","settings":{"subheading":"","title":"You may also like","recommendations_count":5,"background":"rgba(0,0,0,0)","text_color":"rgba(0,0,0,0)"}},"1676906259330f5822":{"type":"apps","blocks":{"0fab2d01-2a5f-4a32-a3af-e574325b033a":{"type":"shopify:\/\/apps\/okendo-product-reviews-ugc\/blocks\/reviews-widget\/bb689e69-ea70-4661-8fb7-ad24a2e23c29","disabled":true,"settings":{"product":"{{product}}","widget_type":"reviews_widget"}},"4a716f2d-ebe2-4567-85b5-8cdbc42726e9":{"type":"shopify:\/\/apps\/rebuy-personalization-engine\/blocks\/rebuy-widget\/a26ae9b9-933b-40bf-bbc6-bf1220bbc4dc","disabled":true,"settings":{"enabled":true,"id":"81648","product_id_enabled":true,"collection_id_enabled":false}}},"block_order":["0fab2d01-2a5f-4a32-a3af-e574325b033a","4a716f2d-ebe2-4567-85b5-8cdbc42726e9"],"disabled":true,"settings":{"include_horizontal_margins":true,"include_vertical_margins":true}},"fb23c7b1-77e5-4b18-a84c-dbe553cccf0f":{"type":"image-with-text-block","settings":{"reveal_on_scroll":true,"image":"shopify:\/\/shop_images\/jet-ski_2.jpg","subheading":"GILLZ","title":"DESIGNED IN FLORIDA, TESTED IN THE WILD","content":"<p>Delivering unrivaled performance for all your outdoor gear needs, GILLZ GEAR equips you with superior long-sleeve shirts, board shorts, hats and more. GILLZ got its start designing performance fishing shirts with proprietary technology. Our innovative design adds functionality to your outdoor gear.<\/p><p><\/p>","button_text":"LEARN MORE","button_link":"shopify:\/\/pages\/gillz","background_type":"full_width","text_position":"overlap_right","text_alignment":"left","text_background":"#ebebeb","text_color":"#1a1818","button_background":"#f06a22","button_text_color":"rgba(0,0,0,0)"}},"e71e1947-2542-46e9-a818-38f533b571f0":{"type":"image-with-text-overlay","disabled":true,"settings":{"reveal_on_scroll":true,"section_height":"auto","image":"shopify:\/\/shop_images\/DSC04389_2.png","subheading":"","title":"","content":"","button_text":"","button_link":"","link_style":"link","background_type":"full_width","text_width":"medium","text_position":"middle_center","text_color":"#ffffff","button_background":"#ffffff","button_text_color":"rgba(0,0,0,0)","overlay_color":"rgba(0,0,0,0)","overlay_opacity":0}},"988bcc10-417b-4730-ac19-cd94dbe70aa7":{"type":"collection-list","blocks":{"template--16792991072572__988bcc10-417b-4730-ac19-cd94dbe70aa7-1668054511f4b4d87d-0":{"type":"collection","settings":{"collection":"gillz-pro-series","image":"shopify:\/\/shop_images\/Group_4881.jpg","subheading":"","title":"PRO SERIES","link_text":"Shop Collection","link_url":"","text_color":"rgba(0,0,0,0)","overlay_color":"#000000","overlay_opacity":0}},"template--16792991072572__988bcc10-417b-4730-ac19-cd94dbe70aa7-1668054511f4b4d87d-1":{"type":"collection","settings":{"collection":"gillz-contender-series","image":"shopify:\/\/shop_images\/Group_4882.jpg","subheading":"","title":"CONTENDER SERIES","link_text":"Shop Collection","link_url":"","text_color":"rgba(0,0,0,0)","overlay_color":"#000000","overlay_opacity":0}},"template--16792991072572__988bcc10-417b-4730-ac19-cd94dbe70aa7-1668054511f4b4d87d-2":{"type":"collection","settings":{"collection":"tournament-series","image":"shopify:\/\/shop_images\/Group_4883.jpg","subheading":"","title":"TOURNAMENT SERIES","link_text":"Shop Collection","link_url":"","text_color":"rgba(0,0,0,0)","overlay_color":"#000000","overlay_opacity":0}}},"block_order":["template--16792991072572__988bcc10-417b-4730-ac19-cd94dbe70aa7-1668054511f4b4d87d-0","template--16792991072572__988bcc10-417b-4730-ac19-cd94dbe70aa7-1668054511f4b4d87d-1","template--16792991072572__988bcc10-417b-4730-ac19-cd94dbe70aa7-1668054511f4b4d87d-2"],"disabled":true,"settings":{"reveal_on_scroll":false,"layout":"grid","subheading":"Explore our","title":"Collections","background":"rgba(0,0,0,0)","text_color":"rgba(0,0,0,0)"}},"b59b1609-3fc2-4f56-a6ff-3fb2c8032b31":{"type":"text-with-icons","blocks":{"template--16792991072572__b59b1609-3fc2-4f56-a6ff-3fb2c8032b31-1668053343b7b38d6e-0":{"type":"item","settings":{"icon":"picto-box","custom_icon_width":50,"title":"Free shipping","content":"<p>Free U.S. shipping on every order over $75<\/p>"}},"template--16792991072572__b59b1609-3fc2-4f56-a6ff-3fb2c8032b31-1668053343b7b38d6e-1":{"type":"item","settings":{"icon":"picto-phone","custom_icon_width":50,"title":"Customer service","content":"<p>We are available Monday - Friday to answer your questions at (904) 479-2906 <\/p>"}},"template--16792991072572__b59b1609-3fc2-4f56-a6ff-3fb2c8032b31-1668053343b7b38d6e-2":{"type":"item","settings":{"icon":"picto-lock","custom_icon_width":50,"title":"Secure payment","content":"<p>Your payment information is processed securely.<\/p>"}},"template--16792991072572__b59b1609-3fc2-4f56-a6ff-3fb2c8032b31-1668053343b7b38d6e-3":{"type":"item","settings":{"icon":"picto-email","custom_icon_width":50,"title":"Contact us","content":"<p>Need to contact us? Just send us an e-mail at info@outdoornation.com<\/p>"}}},"block_order":["template--16792991072572__b59b1609-3fc2-4f56-a6ff-3fb2c8032b31-1668053343b7b38d6e-0","template--16792991072572__b59b1609-3fc2-4f56-a6ff-3fb2c8032b31-1668053343b7b38d6e-1","template--16792991072572__b59b1609-3fc2-4f56-a6ff-3fb2c8032b31-1668053343b7b38d6e-2","template--16792991072572__b59b1609-3fc2-4f56-a6ff-3fb2c8032b31-1668053343b7b38d6e-3"],"settings":{"background":"#ffffff","text_color":"#1a1818"}},"415e0320-f516-414b-90ee-80794c1979d6":{"type":"newsletter","settings":{"reveal_on_scroll":true,"image":"shopify:\/\/shop_images\/SUBSCRIBE_banner_1_2.jpg","subheading":"JOIN THE NATION","content":"<p>Promotions, new products and sales. Directly to your inbox.<\/p>","text_position":"left","text_alignment":"left","text_background":"rgba(0,0,0,0)","text_color":"#1a1818","button_background":"#f06a22","button_text_color":"#ffffff"}},"16767714731d89d44d":{"type":"apps","disabled":true,"settings":{"include_horizontal_margins":true,"include_vertical_margins":true}}},"order":["main","product-content","product-recommendations","1676906259330f5822","fb23c7b1-77e5-4b18-a84c-dbe553cccf0f","e71e1947-2542-46e9-a818-38f533b571f0","988bcc10-417b-4730-ac19-cd94dbe70aa7","b59b1609-3fc2-4f56-a6ff-3fb2c8032b31","415e0320-f516-414b-90ee-80794c1979d6","16767714731d89d44d"]}