{"sections":{"main":{"type":"main-product","blocks":{"2702ac58-de5c-4053-b9e7-75c430e6962d":{"type":"text","settings":{"text":"<p>{{ product.metafields.descriptors.subtitle.value }}<\/p>"}},"a425464d-8b26-46a2-b772-657dd7465bc3":{"type":"text","settings":{"text":"<h3><a href=\"\/collections\/uv-bundle\" title=\"UV Bundle\"><strong>{{ product.metafields.custom.product_callout | metafield_tag }}<\/strong><\/a><\/h3>"}},"variant_picker":{"type":"variant_picker","settings":{"hide_sold_out_variants":false,"selector_mode":"block","color_mode":"color","size_chart_page":"size-chart"}},"quantity_selector":{"type":"quantity_selector","settings":{}},"buy_buttons":{"type":"buy_buttons","settings":{"show_payment_button":true,"atc_button_background":"#f06a22","atc_button_text_color":"#ffffff","buy_now_button_background":"#696969","buy_now_button_text_color":"rgba(0,0,0,0)"}},"5fe9dc38-e7cd-4291-a3e9-3d0908bda781":{"type":"shopify:\/\/apps\/okendo-product-reviews-ugc\/blocks\/media-carousel\/bb689e69-ea70-4661-8fb7-ad24a2e23c29","disabled":true,"settings":{"product":""}},"ee56de78-d773-4eaa-9922-ac53dcf31e80":{"type":"liquid","settings":{"liquid":"<div style=\"display: flex; flex-direction: row; justify-content: space-between; padding-top: 30px;\" class=\"trust-badges\">\n            <img style=\"width: auto; height: auto; max-width: 90px;\" src=\"https:\/\/cdn.shopify.com\/s\/files\/1\/0669\/6425\/9132\/files\/shutterstock_1423573472_Converted_-01.png?v=1695409518\">\n            <img style=\"width: auto; height: auto; max-width: 90px;\" src=\"https:\/\/cdn.shopify.com\/s\/files\/1\/0669\/6425\/9132\/files\/shutterstock_1423573472_Converted_-03.png?v=1695409519\">\n            <img style=\"width: auto; height: auto; max-width: 90px;\" src=\"https:\/\/cdn.shopify.com\/s\/files\/1\/0669\/6425\/9132\/files\/shutterstock_1423573472_Converted_-02.png?v=1695409519\">\n            <img style=\"width: auto; height: auto; max-width: 90px;\" src=\"https:\/\/cdn.shopify.com\/s\/files\/1\/0669\/6425\/9132\/files\/shutterstock_1423573472_Converted_-04.png?v=1695409518\">\n          <\/div>"}},"937081d3-3c7c-491b-a2cf-18afea889c7b":{"type":"shopify:\/\/apps\/rebuy-personalization-engine\/blocks\/rebuy-widget\/a26ae9b9-933b-40bf-bbc6-bf1220bbc4dc","settings":{"enabled":true,"id":"81580","product_id_enabled":true,"collection_id_enabled":false}},"df3ef14d-f994-4e07-93e7-f36ecc9ca963":{"type":"shopify:\/\/apps\/rebuy-personalization-engine\/blocks\/rebuy-widget\/a26ae9b9-933b-40bf-bbc6-bf1220bbc4dc","settings":{"enabled":true,"id":"82516","product_id_enabled":true,"collection_id_enabled":false}}},"block_order":["2702ac58-de5c-4053-b9e7-75c430e6962d","a425464d-8b26-46a2-b772-657dd7465bc3","variant_picker","quantity_selector","buy_buttons","5fe9dc38-e7cd-4291-a3e9-3d0908bda781","ee56de78-d773-4eaa-9922-ac53dcf31e80","937081d3-3c7c-491b-a2cf-18afea889c7b","df3ef14d-f994-4e07-93e7-f36ecc9ca963"],"settings":{"show_vendor":true,"show_sku":false,"show_taxes_included":false,"show_product_rating":false,"show_sticky_add_to_cart":true,"show_share_buttons":true,"help_page":"","enable_video_autoplay":true,"enable_video_looping":false,"enable_image_zoom":true,"show_thumbnails_on_mobile":false,"desktop_thumbnails_position":"bottom","transition_effect":"slide"}},"product-content":{"type":"product-content","blocks":{"description":{"type":"description","settings":{}},"9adb8ee9-6caf-4b47-96a4-d9f11add1a01":{"type":"content","disabled":true,"settings":{"title":"FEATURES","content":"<p><strong>Unmatched Durability with Our SynX Interlock Polyester Fabric<\/strong><\/p><p>·      Almost indestructible! (At least we’ve never seen it happen.)<\/p><p>·      Abrasive resistant, stain resistant and will never pick or pill!<\/p><p><\/p><p><strong>One of the Most Comfortable performance shirts you can wear. Seriously.<\/strong><\/p><p>·      SynX fabric is double brushed for softness <\/p><p>·      360 degree stretch for freedom of movement<\/p><p>·      Breathable to help keep you cool and comfortable<\/p><p>·      Quick Drying<\/p><p>·      Midweight (170<em> Grams!!<\/em>) and ideal for any outdoorsman<\/p><p><strong><br\/>The SynX Outstanding Protection Factor<\/strong><\/p><p>·      Protects your skin by blocking 98% of sun's radiation!  <\/p><p>·      UPF50+ sun protection is engineered into SynX and thus will never wash out<\/p><p>·      No comparison on the market. At all! (Search all you like. THIS is the shirt you want.)<\/p>","page":""}},"bab1f3e0-ddde-4736-8045-c4301121cc38":{"type":"complementary_products","settings":{"title":"Buy It with"}},"19e49a4a-fb2c-4748-ae86-1ef254f4bd58":{"type":"reviews","settings":{}},"115835c1-cc01-4cd0-b9dc-d676bb2f5ce1":{"type":"trust","disabled":true,"settings":{"icon_1":"picto-customer-support","title_1":"Shipping & Returns","content_1":"<p>Add text about your shipping policy<\/p>","icon_2":"picto-warranty","title_2":"Warranty","content_2":"<p>Add text about your product warranty<\/p>","icon_3":"picto-secure-payment","title_3":"Secure Payment","content_3":"<p>Add text about your payment<\/p>"}}},"block_order":["description","9adb8ee9-6caf-4b47-96a4-d9f11add1a01","bab1f3e0-ddde-4736-8045-c4301121cc38","19e49a4a-fb2c-4748-ae86-1ef254f4bd58","115835c1-cc01-4cd0-b9dc-d676bb2f5ce1"],"settings":{}},"16769061992e9ba958":{"type":"apps","blocks":{"2ec6724b-9969-4d73-95a2-5a24ad0b59b6":{"type":"shopify:\/\/apps\/okendo-product-reviews-ugc\/blocks\/reviews-widget\/bb689e69-ea70-4661-8fb7-ad24a2e23c29","disabled":true,"settings":{"product":"{{product}}","widget_type":"reviews_widget"}}},"block_order":["2ec6724b-9969-4d73-95a2-5a24ad0b59b6"],"disabled":true,"settings":{"include_horizontal_margins":true,"include_vertical_margins":true}},"product-recommendations":{"type":"product-recommendations","settings":{"subheading":"","title":"You may also like","recommendations_count":5,"background":"rgba(0,0,0,0)","text_color":"rgba(0,0,0,0)"}},"5c9eb294-9ee7-47ca-9c97-744e19968bac":{"type":"image-with-text","blocks":{"template--16936510980412__5c9eb294-9ee7-47ca-9c97-744e19968bac-166835340153e66dec-0":{"type":"item","settings":{"image":"shopify:\/\/shop_images\/fintech-guy.jpg","tab_label":"Item","subheading":"Fintech","title":"GEAR MADE TO WORK","content":"<p>FinTech is the outdoor clothing brand that offers you the best combination of function, style, and affordability. From fishing holes to job sites, FinTech creates outdoor gear with proprietary fabrics that boast UV protection and moisture-wicking performance. Our line features long-sleeve t-shirts, practical graphic t-shirts, cargo shorts, durable trousers, and collared shirts that are right for any occasion.<\/p>","button_text":"Learn More","button_link":"shopify:\/\/pages\/fintech"}}},"block_order":["template--16936510980412__5c9eb294-9ee7-47ca-9c97-744e19968bac-166835340153e66dec-0"],"settings":{"reveal_on_scroll":true,"background_type":"full_width","background_overlap":"both","image_position":"right","text_alignment":"left","cycle_speed":8,"accent_background":"#ebebeb","text_color":"rgba(0,0,0,0)","button_background":"#f06a22","button_text_color":"rgba(0,0,0,0)"}},"e71e1947-2542-46e9-a818-38f533b571f0":{"type":"image-with-text-overlay","disabled":true,"settings":{"reveal_on_scroll":true,"section_height":"auto","image":"shopify:\/\/shop_images\/fintech-wide.jpg","subheading":"","title":"","content":"","button_text":"","button_link":"","link_style":"link","background_type":"full_width","text_width":"medium","text_position":"middle_center","text_color":"#ffffff","button_background":"#ffffff","button_text_color":"rgba(0,0,0,0)","overlay_color":"rgba(0,0,0,0)","overlay_opacity":0}},"d74c9e3d-b4d9-4a1f-b2b3-753fbf1701f1":{"type":"multi-column","blocks":{"template--16936510980412__d74c9e3d-b4d9-4a1f-b2b3-753fbf1701f1-1684941476fe6f5ef5-0":{"type":"item","settings":{"image":"shopify:\/\/shop_images\/Homepage-sales_CLOSEOUT_SALE.jpg","image_width":100,"image_border":"rgba(0,0,0,0)","title":"INVENTORY CLOSEOUT UP TO 50% off ON SELECTED ITEMS","content":"","link_text":"","link_url":"","link_style":"link","text_alignment":"left","vertical_alignment":"start"}},"template--16936510980412__d74c9e3d-b4d9-4a1f-b2b3-753fbf1701f1-1684941476fe6f5ef5-1":{"type":"item","settings":{"image":"shopify:\/\/shop_images\/Homepage-sales_image.jpg","image_width":100,"image_border":"rgba(0,0,0,0)","title":"MEMORIAL DAY SALE HONORING OUR HEROES WITH 30% OFF","content":"","link_text":"","link_url":"","link_style":"link","text_alignment":"center","vertical_alignment":"start"}}},"block_order":["template--16936510980412__d74c9e3d-b4d9-4a1f-b2b3-753fbf1701f1-1684941476fe6f5ef5-0","template--16936510980412__d74c9e3d-b4d9-4a1f-b2b3-753fbf1701f1-1684941476fe6f5ef5-1"],"disabled":true,"settings":{"reveal_on_scroll":true,"stack_items":false,"subheading":"SHOP THE","title":"DEALS","content":"","column_alignment":"center","mobile_item_size":"medium","desktop_item_size":"medium","spacing":"normal","background":"#ffffff","text_color":"rgba(0,0,0,0)"}},"988bcc10-417b-4730-ac19-cd94dbe70aa7":{"type":"collection-list","blocks":{"template--16792991072572__988bcc10-417b-4730-ac19-cd94dbe70aa7-1668054511f4b4d87d-0":{"type":"collection","settings":{"collection":"","image":"shopify:\/\/shop_images\/Group_4875_282b3053-9d32-4f8c-bccc-4e39ceaa8d2e.jpg","subheading":"","title":"SUN DEFENDER","link_text":"Shop Collection","link_url":"","text_color":"rgba(0,0,0,0)","overlay_color":"#000000","overlay_opacity":0}},"template--16792991072572__988bcc10-417b-4730-ac19-cd94dbe70aa7-1668054511f4b4d87d-1":{"type":"collection","settings":{"collection":"fintech-jackets","image":"shopify:\/\/shop_images\/Group_4876.jpg","subheading":"","title":"JACKETS","link_text":"Shop Collection","link_url":"","text_color":"rgba(0,0,0,0)","overlay_color":"#000000","overlay_opacity":0}},"template--16792991072572__988bcc10-417b-4730-ac19-cd94dbe70aa7-1668054511f4b4d87d-2":{"type":"collection","settings":{"collection":"","image":"shopify:\/\/shop_images\/Group_4877.jpg","subheading":"","title":"COASTAL PERFORMANCE","link_text":"Shop Collection","link_url":"","text_color":"rgba(0,0,0,0)","overlay_color":"#000000","overlay_opacity":0}}},"block_order":["template--16792991072572__988bcc10-417b-4730-ac19-cd94dbe70aa7-1668054511f4b4d87d-0","template--16792991072572__988bcc10-417b-4730-ac19-cd94dbe70aa7-1668054511f4b4d87d-1","template--16792991072572__988bcc10-417b-4730-ac19-cd94dbe70aa7-1668054511f4b4d87d-2"],"disabled":true,"settings":{"reveal_on_scroll":false,"layout":"grid","subheading":"Explore our","title":"Collections","background":"rgba(0,0,0,0)","text_color":"rgba(0,0,0,0)"}},"b59b1609-3fc2-4f56-a6ff-3fb2c8032b31":{"type":"text-with-icons","blocks":{"template--16792991072572__b59b1609-3fc2-4f56-a6ff-3fb2c8032b31-1668053343b7b38d6e-0":{"type":"item","settings":{"icon":"picto-box","custom_icon_width":50,"title":"Free shipping","content":"<p>Free U.S. shipping on every order over $75<\/p>"}},"template--16792991072572__b59b1609-3fc2-4f56-a6ff-3fb2c8032b31-1668053343b7b38d6e-1":{"type":"item","settings":{"icon":"picto-phone","custom_icon_width":50,"title":"Customer service","content":"<p>We are available Monday - Friday to answer your questions at (904) 479-2906 <\/p>"}},"template--16792991072572__b59b1609-3fc2-4f56-a6ff-3fb2c8032b31-1668053343b7b38d6e-2":{"type":"item","settings":{"icon":"picto-lock","custom_icon_width":50,"title":"Secure payment","content":"<p>Your payment information is processed securely.<\/p>"}},"template--16792991072572__b59b1609-3fc2-4f56-a6ff-3fb2c8032b31-1668053343b7b38d6e-3":{"type":"item","settings":{"icon":"picto-email","custom_icon_width":50,"title":"Contact us","content":"<p>Need to contact us? Just send us an e-mail at info@outdoornation.com<\/p>"}}},"block_order":["template--16792991072572__b59b1609-3fc2-4f56-a6ff-3fb2c8032b31-1668053343b7b38d6e-0","template--16792991072572__b59b1609-3fc2-4f56-a6ff-3fb2c8032b31-1668053343b7b38d6e-1","template--16792991072572__b59b1609-3fc2-4f56-a6ff-3fb2c8032b31-1668053343b7b38d6e-2","template--16792991072572__b59b1609-3fc2-4f56-a6ff-3fb2c8032b31-1668053343b7b38d6e-3"],"settings":{"background":"#ffffff","text_color":"#1a1818"}},"415e0320-f516-414b-90ee-80794c1979d6":{"type":"newsletter","settings":{"reveal_on_scroll":true,"image":"shopify:\/\/shop_images\/SUBSCRIBE_banner_1_2.jpg","subheading":"JOIN THE NATION","content":"<p>Promotions, new products and sales. Directly to your inbox.<\/p>","text_position":"left","text_alignment":"left","text_background":"rgba(0,0,0,0)","text_color":"#1a1818","button_background":"#f06a22","button_text_color":"#ffffff"}}},"order":["main","product-content","16769061992e9ba958","product-recommendations","5c9eb294-9ee7-47ca-9c97-744e19968bac","e71e1947-2542-46e9-a818-38f533b571f0","d74c9e3d-b4d9-4a1f-b2b3-753fbf1701f1","988bcc10-417b-4730-ac19-cd94dbe70aa7","b59b1609-3fc2-4f56-a6ff-3fb2c8032b31","415e0320-f516-414b-90ee-80794c1979d6"]}