{"sections":{"main":{"type":"main-product","blocks":{"variant_picker":{"type":"variant_picker","settings":{"hide_sold_out_variants":false,"selector_mode":"block","color_mode":"color","size_chart_page":"size-chart"}},"quantity_selector":{"type":"quantity_selector","settings":{}},"buy_buttons":{"type":"buy_buttons","settings":{"show_payment_button":true,"atc_button_background":"#f06a22","atc_button_text_color":"#ffffff","buy_now_button_background":"#696969","buy_now_button_text_color":"rgba(0,0,0,0)"}}},"block_order":["variant_picker","quantity_selector","buy_buttons"],"settings":{"show_vendor":true,"show_sku":false,"show_taxes_included":false,"show_product_rating":false,"show_sticky_add_to_cart":true,"show_share_buttons":true,"help_page":"","enable_video_autoplay":true,"enable_video_looping":false,"enable_image_zoom":true,"show_thumbnails_on_mobile":false,"desktop_thumbnails_position":"bottom","transition_effect":"slide"}},"product-content":{"type":"product-content","blocks":{"description":{"type":"description","settings":{}},"bab1f3e0-ddde-4736-8045-c4301121cc38":{"type":"complementary_products","settings":{"title":"Featured products"}}},"block_order":["description","bab1f3e0-ddde-4736-8045-c4301121cc38"],"settings":{}},"c93a219d-d1db-489b-b822-e01af6606daa":{"type":"image-with-text-block","settings":{"reveal_on_scroll":true,"image":"shopify:\/\/shop_images\/jet-ski_2_670db41a-c097-46bc-a852-ad59d5beccdf.jpg","subheading":"GILLZ","title":"DESIGNED IN FLORIDA, TESTED IN THE WILD","content":"<p>Delivering unrivaled performance for all your outdoor gear needs, GILLZ GEAR equips you with superior long-sleeve shirts, board shorts, hats and more. GILLZ got its start designing performance fishing shirts with proprietary technology. Our innovative design adds functionality to your outdoor gear.<\/p>","button_text":"","button_link":"","background_type":"full_width","text_position":"overlap_right","text_alignment":"left","text_background":"#f5f5f5","text_color":"rgba(0,0,0,0)","button_background":"rgba(0,0,0,0)","button_text_color":"rgba(0,0,0,0)"}},"e71e1947-2542-46e9-a818-38f533b571f0":{"type":"image-with-text-overlay","disabled":true,"settings":{"reveal_on_scroll":true,"section_height":"auto","image":"shopify:\/\/shop_images\/DSC04389_2.png","subheading":"","title":"","content":"","button_text":"","button_link":"","link_style":"link","background_type":"full_width","text_width":"medium","text_position":"middle_center","text_color":"#ffffff","button_background":"#ffffff","button_text_color":"rgba(0,0,0,0)","overlay_color":"rgba(0,0,0,0)","overlay_opacity":0}},"b59b1609-3fc2-4f56-a6ff-3fb2c8032b31":{"type":"text-with-icons","disabled":true,"blocks":{"template--16792991072572__b59b1609-3fc2-4f56-a6ff-3fb2c8032b31-1668053343b7b38d6e-0":{"type":"item","settings":{"icon":"picto-box","custom_icon_width":50,"title":"Free shipping","content":"<p>Free worldwide shipping and returns - customs and duties taxes included<\/p>"}},"template--16792991072572__b59b1609-3fc2-4f56-a6ff-3fb2c8032b31-1668053343b7b38d6e-1":{"type":"item","settings":{"icon":"picto-phone","custom_icon_width":50,"title":"Customer service","content":"<p>We are available from monday to friday to answer your questions.<\/p>"}},"template--16792991072572__b59b1609-3fc2-4f56-a6ff-3fb2c8032b31-1668053343b7b38d6e-2":{"type":"item","settings":{"icon":"picto-lock","custom_icon_width":50,"title":"Secure payment","content":"<p>Your payment information is processed securely.<\/p>"}},"template--16792991072572__b59b1609-3fc2-4f56-a6ff-3fb2c8032b31-1668053343b7b38d6e-3":{"type":"item","settings":{"icon":"picto-email","custom_icon_width":50,"title":"Contact us","content":"<p>Need to contact us ? Just send us an e-mail at info@yourstore.com<\/p>"}}},"block_order":["template--16792991072572__b59b1609-3fc2-4f56-a6ff-3fb2c8032b31-1668053343b7b38d6e-0","template--16792991072572__b59b1609-3fc2-4f56-a6ff-3fb2c8032b31-1668053343b7b38d6e-1","template--16792991072572__b59b1609-3fc2-4f56-a6ff-3fb2c8032b31-1668053343b7b38d6e-2","template--16792991072572__b59b1609-3fc2-4f56-a6ff-3fb2c8032b31-1668053343b7b38d6e-3"],"settings":{"background":"#1a1818","text_color":"#ffffff"}},"d28ed0a0-2973-4c60-9471-6f01589c6d3e":{"type":"featured-collections","blocks":{"template--17923154608444__d28ed0a0-2973-4c60-9471-6f01589c6d3e-167570074998666b79-0":{"type":"collection","settings":{"collection":"gillz-wholesale-featured","label":"","button_text":"","button_url":""}}},"block_order":["template--17923154608444__d28ed0a0-2973-4c60-9471-6f01589c6d3e-167570074998666b79-0"],"settings":{"subheading":"","title":"YOU MAY ALSO LIKE","content":"","products_count":8,"products_per_row":4,"stack_products":true,"show_cta":false,"background":"rgba(0,0,0,0)","text_color":"rgba(0,0,0,0)","button_background":"rgba(0,0,0,0)","button_text_color":"rgba(0,0,0,0)"}},"415e0320-f516-414b-90ee-80794c1979d6":{"type":"newsletter","settings":{"reveal_on_scroll":true,"image":"shopify:\/\/shop_images\/SUBSCRIBE_banner_1_2.jpg","subheading":"Subscribe to our newsletter","content":"<p>Promotions, new products and sales. Directly to your inbox.<\/p>","text_position":"left","text_alignment":"left","text_background":"rgba(0,0,0,0)","text_color":"#1a1818","button_background":"#f06a22","button_text_color":"#ffffff"}}},"order":["main","product-content","c93a219d-d1db-489b-b822-e01af6606daa","e71e1947-2542-46e9-a818-38f533b571f0","b59b1609-3fc2-4f56-a6ff-3fb2c8032b31","d28ed0a0-2973-4c60-9471-6f01589c6d3e","415e0320-f516-414b-90ee-80794c1979d6"]}