{"sections":{"main":{"type":"main-product","blocks":{"variant_picker":{"type":"variant_picker","settings":{"hide_sold_out_variants":false,"selector_mode":"block","color_mode":"color","size_chart_page":"size-chart"}},"quantity_selector":{"type":"quantity_selector","settings":{}},"buy_buttons":{"type":"buy_buttons","settings":{"show_payment_button":true,"atc_button_background":"#f06a22","atc_button_text_color":"#ffffff","buy_now_button_background":"#696969","buy_now_button_text_color":"rgba(0,0,0,0)"}}},"block_order":["variant_picker","quantity_selector","buy_buttons"],"settings":{"show_vendor":true,"show_sku":false,"show_taxes_included":false,"show_product_rating":false,"show_sticky_add_to_cart":true,"show_share_buttons":true,"help_page":"","enable_video_autoplay":true,"enable_video_looping":false,"enable_image_zoom":true,"show_thumbnails_on_mobile":false,"desktop_thumbnails_position":"bottom","transition_effect":"slide"}},"product-content":{"type":"product-content","blocks":{"description":{"type":"description","settings":{}},"bab1f3e0-ddde-4736-8045-c4301121cc38":{"type":"complementary_products","settings":{"title":"Featured products"}},"5bd9af87-352d-4e56-8684-d5a2b2f96b05":{"type":"reviews","settings":{}}},"block_order":["description","bab1f3e0-ddde-4736-8045-c4301121cc38","5bd9af87-352d-4e56-8684-d5a2b2f96b05"],"settings":{}},"16769060667078f397":{"type":"apps","blocks":{"d89c3db3-9e2e-43c3-b2b9-334f8bb88a61":{"type":"shopify:\/\/apps\/okendo-product-reviews-ugc\/blocks\/reviews-widget\/bb689e69-ea70-4661-8fb7-ad24a2e23c29","disabled":true,"settings":{"product":"{{product}}","widget_type":"reviews_widget"}}},"block_order":["d89c3db3-9e2e-43c3-b2b9-334f8bb88a61"],"settings":{"include_horizontal_margins":true,"include_vertical_margins":true}},"e71e1947-2542-46e9-a818-38f533b571f0":{"type":"image-with-text-overlay","settings":{"reveal_on_scroll":true,"section_height":"auto","image":"shopify:\/\/shop_images\/DSC04389_2.png","subheading":"","title":"","content":"","button_text":"","button_link":"","link_style":"link","background_type":"full_width","text_width":"medium","text_position":"middle_center","text_color":"#ffffff","button_background":"#ffffff","button_text_color":"rgba(0,0,0,0)","overlay_color":"rgba(0,0,0,0)","overlay_opacity":0}},"b59b1609-3fc2-4f56-a6ff-3fb2c8032b31":{"type":"text-with-icons","blocks":{"template--16792991072572__b59b1609-3fc2-4f56-a6ff-3fb2c8032b31-1668053343b7b38d6e-0":{"type":"item","settings":{"icon":"picto-box","custom_icon_width":50,"title":"Free shipping","content":"<p>Free U.S. shipping on every order over $75<\/p>"}},"template--16792991072572__b59b1609-3fc2-4f56-a6ff-3fb2c8032b31-1668053343b7b38d6e-1":{"type":"item","settings":{"icon":"picto-phone","custom_icon_width":50,"title":"Customer service","content":"<p>We are available Monday - Friday to answer your questions at (904) 479-2906<\/p>"}},"template--16792991072572__b59b1609-3fc2-4f56-a6ff-3fb2c8032b31-1668053343b7b38d6e-2":{"type":"item","settings":{"icon":"picto-lock","custom_icon_width":50,"title":"Secure payment","content":"<p>Your payment information is processed securely.<\/p>"}},"template--16792991072572__b59b1609-3fc2-4f56-a6ff-3fb2c8032b31-1668053343b7b38d6e-3":{"type":"item","settings":{"icon":"picto-email","custom_icon_width":50,"title":"Contact us","content":"<p>Need to contact us? Just send us an e-mail at info@outdoornation.com<\/p>"}}},"block_order":["template--16792991072572__b59b1609-3fc2-4f56-a6ff-3fb2c8032b31-1668053343b7b38d6e-0","template--16792991072572__b59b1609-3fc2-4f56-a6ff-3fb2c8032b31-1668053343b7b38d6e-1","template--16792991072572__b59b1609-3fc2-4f56-a6ff-3fb2c8032b31-1668053343b7b38d6e-2","template--16792991072572__b59b1609-3fc2-4f56-a6ff-3fb2c8032b31-1668053343b7b38d6e-3"],"settings":{"background":"#1a1818","text_color":"#ffffff"}},"415e0320-f516-414b-90ee-80794c1979d6":{"type":"newsletter","settings":{"reveal_on_scroll":true,"image":"shopify:\/\/shop_images\/SUBSCRIBE_banner_1_2.jpg","subheading":"JOIN THE NATION","content":"<p>Promotions, new products and sales. Directly to your inbox.<\/p>","text_position":"left","text_alignment":"left","text_background":"rgba(0,0,0,0)","text_color":"#1a1818","button_background":"#f06a22","button_text_color":"#ffffff"}}},"order":["main","product-content","16769060667078f397","e71e1947-2542-46e9-a818-38f533b571f0","b59b1609-3fc2-4f56-a6ff-3fb2c8032b31","415e0320-f516-414b-90ee-80794c1979d6"]}