{"sections":{"main":{"type":"main-product","blocks":{"variant_picker":{"type":"variant_picker","settings":{"hide_sold_out_variants":false,"selector_mode":"block","color_mode":"color","size_chart_page":"size-chart"}},"quantity_selector":{"type":"quantity_selector","settings":{}},"buy_buttons":{"type":"buy_buttons","settings":{"show_payment_button":true,"atc_button_background":"#f06a22","atc_button_text_color":"#ffffff","buy_now_button_background":"#696969","buy_now_button_text_color":"rgba(0,0,0,0)"}}},"block_order":["variant_picker","quantity_selector","buy_buttons"],"settings":{"show_vendor":true,"show_sku":false,"show_taxes_included":false,"show_product_rating":false,"show_sticky_add_to_cart":true,"show_share_buttons":true,"help_page":"","enable_video_autoplay":true,"enable_video_looping":false,"enable_image_zoom":true,"show_thumbnails_on_mobile":false,"desktop_thumbnails_position":"bottom","transition_effect":"slide"}},"product-content":{"type":"product-content","blocks":{"description":{"type":"description","settings":{}},"9adb8ee9-6caf-4b47-96a4-d9f11add1a01":{"type":"content","disabled":true,"settings":{"title":"TECH SPECS","content":"<p>Copy goes here...<\/p>","page":""}},"bab1f3e0-ddde-4736-8045-c4301121cc38":{"type":"complementary_products","disabled":true,"settings":{"title":"BUY IT WITH"}},"91e58586-a114-49a4-a873-f7b9591c7e39":{"type":"reviews","disabled":true,"settings":{}}},"block_order":["description","9adb8ee9-6caf-4b47-96a4-d9f11add1a01","bab1f3e0-ddde-4736-8045-c4301121cc38","91e58586-a114-49a4-a873-f7b9591c7e39"],"settings":{}},"d1345e7b-672b-4aa7-8b5b-cd7e15d95a6e":{"type":"image-with-text","blocks":{"template--16936505278780__d1345e7b-672b-4aa7-8b5b-cd7e15d95a6e-1668352784d9c4098f-0":{"type":"item","settings":{"image":"shopify:\/\/shop_images\/fintech-guy_206554ec-aea6-430b-90ec-26ff42a311a1.jpg","tab_label":"Item","subheading":"FINTECH","title":"RAISED ON THE WATER","content":"<p>FinTech is the outdoor clothing brand that offers you the best combination of function, style, and affordability. From fishing holes to job sites, FinTech creates outdoor gear with proprietary fabrics that boast UV protection and moisture-wicking performance. Our line features long-sleeve t-shirts, practical graphic t-shirts, cargo shorts, durable trousers, and collared shirts that are right for any occasion.<\/p>","button_text":"","button_link":"shopify:\/\/pages\/reel-life"}}},"block_order":["template--16936505278780__d1345e7b-672b-4aa7-8b5b-cd7e15d95a6e-1668352784d9c4098f-0"],"settings":{"reveal_on_scroll":true,"background_type":"full_width","background_overlap":"image","image_position":"left","text_alignment":"left","cycle_speed":8,"accent_background":"#ebebeb","text_color":"rgba(0,0,0,0)","button_background":"#f06a22","button_text_color":"rgba(0,0,0,0)"}},"cd1296eb-df43-4572-b4f2-210e65ce027b":{"type":"featured-collections","blocks":{"template--17470154604860__cd1296eb-df43-4572-b4f2-210e65ce027b-1674154403aff98b1b-0":{"type":"collection","settings":{"collection":"fintech-wholesale-featured","label":"","button_text":"","button_url":""}}},"block_order":["template--17470154604860__cd1296eb-df43-4572-b4f2-210e65ce027b-1674154403aff98b1b-0"],"settings":{"subheading":"","title":"YOU MAY ALSO LIKE","content":"","products_count":8,"products_per_row":4,"stack_products":true,"show_cta":false,"background":"rgba(0,0,0,0)","text_color":"rgba(0,0,0,0)","button_background":"rgba(0,0,0,0)","button_text_color":"rgba(0,0,0,0)"}},"product-recommendations":{"type":"product-recommendations","disabled":true,"settings":{"subheading":"","title":"You may also like","recommendations_count":5,"background":"rgba(0,0,0,0)","text_color":"rgba(0,0,0,0)"}},"e71e1947-2542-46e9-a818-38f533b571f0":{"type":"image-with-text-overlay","disabled":true,"settings":{"reveal_on_scroll":true,"section_height":"auto","image":"shopify:\/\/shop_images\/RL-wide_c8ea10f9-1633-4646-83cf-753af47a597c.jpg","subheading":"","title":"","content":"","button_text":"","button_link":"","link_style":"link","background_type":"full_width","text_width":"medium","text_position":"middle_center","text_color":"#ffffff","button_background":"#ffffff","button_text_color":"rgba(0,0,0,0)","overlay_color":"rgba(0,0,0,0)","overlay_opacity":0}},"988bcc10-417b-4730-ac19-cd94dbe70aa7":{"type":"collection-list","disabled":true,"blocks":{"template--16792991072572__988bcc10-417b-4730-ac19-cd94dbe70aa7-1668054511f4b4d87d-0":{"type":"collection","settings":{"collection":"ocean-washed","image":"shopify:\/\/shop_images\/Group_4872.jpg","subheading":"","title":"OCEAN WASHED","link_text":"Shop Collection","link_url":"shopify:\/\/collections\/ocean-washed","text_color":"rgba(0,0,0,0)","overlay_color":"#000000","overlay_opacity":0}},"template--16792991072572__988bcc10-417b-4730-ac19-cd94dbe70aa7-1668054511f4b4d87d-1":{"type":"collection","settings":{"collection":"sun-water","image":"shopify:\/\/shop_images\/Group_4873.jpg","subheading":"","title":"SUN & WATER","link_text":"Shop Collection","link_url":"shopify:\/\/collections\/sun-water","text_color":"rgba(0,0,0,0)","overlay_color":"#000000","overlay_opacity":0}},"template--16792991072572__988bcc10-417b-4730-ac19-cd94dbe70aa7-1668054511f4b4d87d-2":{"type":"collection","settings":{"collection":"coastal-performance","image":"shopify:\/\/shop_images\/Group_4874.jpg","subheading":"","title":"COASTAL PERFORMANCE","link_text":"Shop Collection","link_url":"shopify:\/\/collections\/coastal-performance","text_color":"rgba(0,0,0,0)","overlay_color":"#000000","overlay_opacity":0}}},"block_order":["template--16792991072572__988bcc10-417b-4730-ac19-cd94dbe70aa7-1668054511f4b4d87d-0","template--16792991072572__988bcc10-417b-4730-ac19-cd94dbe70aa7-1668054511f4b4d87d-1","template--16792991072572__988bcc10-417b-4730-ac19-cd94dbe70aa7-1668054511f4b4d87d-2"],"settings":{"reveal_on_scroll":false,"layout":"grid","subheading":"Explore our","title":"Collections","background":"rgba(0,0,0,0)","text_color":"rgba(0,0,0,0)"}},"b59b1609-3fc2-4f56-a6ff-3fb2c8032b31":{"type":"text-with-icons","disabled":true,"blocks":{"template--16792991072572__b59b1609-3fc2-4f56-a6ff-3fb2c8032b31-1668053343b7b38d6e-0":{"type":"item","settings":{"icon":"picto-box","custom_icon_width":50,"title":"Free shipping","content":"<p>Free worldwide shipping and returns - customs and duties taxes included<\/p>"}},"template--16792991072572__b59b1609-3fc2-4f56-a6ff-3fb2c8032b31-1668053343b7b38d6e-1":{"type":"item","settings":{"icon":"picto-phone","custom_icon_width":50,"title":"Customer service","content":"<p>We are available from monday to friday to answer your questions.<\/p>"}},"template--16792991072572__b59b1609-3fc2-4f56-a6ff-3fb2c8032b31-1668053343b7b38d6e-2":{"type":"item","settings":{"icon":"picto-lock","custom_icon_width":50,"title":"Secure payment","content":"<p>Your payment information is processed securely.<\/p>"}},"template--16792991072572__b59b1609-3fc2-4f56-a6ff-3fb2c8032b31-1668053343b7b38d6e-3":{"type":"item","settings":{"icon":"picto-email","custom_icon_width":50,"title":"Contact us","content":"<p>Need to contact us ? Just send us an e-mail at info@yourstore.com<\/p>"}}},"block_order":["template--16792991072572__b59b1609-3fc2-4f56-a6ff-3fb2c8032b31-1668053343b7b38d6e-0","template--16792991072572__b59b1609-3fc2-4f56-a6ff-3fb2c8032b31-1668053343b7b38d6e-1","template--16792991072572__b59b1609-3fc2-4f56-a6ff-3fb2c8032b31-1668053343b7b38d6e-2","template--16792991072572__b59b1609-3fc2-4f56-a6ff-3fb2c8032b31-1668053343b7b38d6e-3"],"settings":{"background":"#1a1818","text_color":"#ffffff"}},"415e0320-f516-414b-90ee-80794c1979d6":{"type":"newsletter","settings":{"reveal_on_scroll":true,"image":"shopify:\/\/shop_images\/SUBSCRIBE_banner_1_2.jpg","subheading":"Subscribe to our newsletter","content":"<p>Promotions, new products and sales. Directly to your inbox.<\/p>","text_position":"left","text_alignment":"left","text_background":"rgba(0,0,0,0)","text_color":"#1a1818","button_background":"#f06a22","button_text_color":"#ffffff"}}},"order":["main","product-content","d1345e7b-672b-4aa7-8b5b-cd7e15d95a6e","cd1296eb-df43-4572-b4f2-210e65ce027b","product-recommendations","e71e1947-2542-46e9-a818-38f533b571f0","988bcc10-417b-4730-ac19-cd94dbe70aa7","b59b1609-3fc2-4f56-a6ff-3fb2c8032b31","415e0320-f516-414b-90ee-80794c1979d6"]}